old_window_id,old_zone_id,name,windowId,zoneId,customizationStartDay,customizationStartTime,customizationEndDay,customizationEndTime,dispatchDay,dispatchTime,startDay,startTime,endDay,endTime,fulfillmentCenterId,deliveryPrice,subtotalMin,deliveryProvider,orderBy,isVisible,smsNotifications,packDateOffset,carrierDaysInTransit,messageToUser
f828c6b4-f54d-4d82-a0f8-d59d2070e73b,e684a0b9-4b0f-44e7-847d-d03123046962,BLI: MONDAY PM,37a43538-1efd-44f5-b1cd-b812f286f220,e684a0b9-4b0f-44e7-847d-d03123046962,4,15:00:00,6,12:00:00,6,18:00:00,2,05:00:00,2,21:00:00,62759d07-dda5-4e5e-a0b9-fce960493522,5.99,,Bringg,1000,FALSE,TRUE,1,,christmas-window-exceptions-2022
7a182ad1-d26b-4b87-b5c1-7b385bf30b9f,5a91624a-61ea-48c8-8fe0-61a9cdd95113,BDN: MONDAY PM,1d58571c-8889-4ee1-937b-3fa1f58c3ee5,5a91624a-61ea-48c8-8fe0-61a9cdd95113,4,15:00:00,6,12:00:00,6,18:00:00,2,05:00:00,2,21:00:00,62759d07-dda5-4e5e-a0b9-fce960493522,5.99,,Bringg,1000,FALSE,TRUE,1,,christmas-window-exceptions-2022
5abe3c19-d5ca-4305-b723-94593cdeee93,61b4aeb5-730b-467e-97e3-7d3a0dc60ad0,BOI: MONDAY PM,ecd13554-87e0-408a-bff5-0f64b47ffa65,61b4aeb5-730b-467e-97e3-7d3a0dc60ad0,4,14:00:00,6,11:00:00,6,17:00:00,2,05:00:00,2,20:00:00,62759d07-dda5-4e5e-a0b9-fce960493522,5.99,,Bringg,1000,FALSE,TRUE,1,,christmas-window-exceptions-2022
3ee9e21e-0910-4220-946d-be110b6c087e,a5a3ad27-fdbc-4bee-bdfe-a95e45470795,EUG: MONDAY PM,1073a8fb-7ace-4722-bfc9-fe0653bc248e,a5a3ad27-fdbc-4bee-bdfe-a95e45470795,4,15:00:00,6,12:00:00,6,18:00:00,2,05:00:00,2,21:00:00,62759d07-dda5-4e5e-a0b9-fce960493522,5.99,,Bringg,1000,FALSE,TRUE,1,,christmas-window-exceptions-2022
cc5b36cd-8fa8-407e-96f8-b1a534b002f5,8ad3a55f-db6e-40cc-84d6-bed31c630594,OLM: MONDAY PM,04322425-56ab-4f6f-9ecf-ecd878544a72,8ad3a55f-db6e-40cc-84d6-bed31c630594,4,15:00:00,6,12:00:00,6,18:00:00,2,05:00:00,2,21:00:00,62759d07-dda5-4e5e-a0b9-fce960493522,5.99,,Bringg,1000,FALSE,TRUE,1,,christmas-window-exceptions-2022
256df303-a953-49e6-83ac-12dfe1fe7bbe,809168bd-e140-40d7-a68a-d987dfed93b8,PDX: MONDAY PM,96f383b5-258b-4ead-9ce8-db6960796c6c,809168bd-e140-40d7-a68a-d987dfed93b8,4,15:00:00,6,12:00:00,6,18:00:00,2,05:00:00,2,21:00:00,62759d07-dda5-4e5e-a0b9-fce960493522,5.99,,Bringg,1000,FALSE,TRUE,1,,christmas-window-exceptions-2022
b1c4ffc7-d1b7-480c-9ba2-51bb97516f89,7153b1ce-6ad2-42d7-aab6-f8fad70d294d,SEA: MONDAY PM,d3ab12e9-dfaa-4f40-933a-ead1bbe539d1,7153b1ce-6ad2-42d7-aab6-f8fad70d294d,4,15:00:00,6,12:00:00,6,18:00:00,2,05:00:00,2,21:00:00,62759d07-dda5-4e5e-a0b9-fce960493522,5.99,,Bringg,1000,FALSE,TRUE,1,,christmas-window-exceptions-2022
dc1c70cb-a561-4581-b6a9-581557245af2,7a1d9ceb-2b8f-447f-91a8-a9c4ccaea5a0,SPK: MONDAY PM,28a76c34-0aae-4072-9add-58e4e965583e,7a1d9ceb-2b8f-447f-91a8-a9c4ccaea5a0,4,15:00:00,6,12:00:00,6,18:00:00,2,05:00:00,2,21:00:00,62759d07-dda5-4e5e-a0b9-fce960493522,5.99,,Bringg,1000,FALSE,TRUE,1,,christmas-window-exceptions-2022
963cbf0b-224d-488c-b4f7-efc200a65ca2,5320ed06-71b2-4215-95af-27b4e426a45e,BLI: TUESDAY PM,25bc57f8-ac2c-4f7d-8b5f-63d6633fd4e1,5320ed06-71b2-4215-95af-27b4e426a45e,4,15:00:00,0,12:00:00,0,18:00:00,3,05:00:00,3,21:00:00,62759d07-dda5-4e5e-a0b9-fce960493522,5.99,,Bringg,1000,FALSE,TRUE,1,,christmas-window-exceptions-2022
799414d7-6757-4448-8181-95c6df2e124a,203636c8-ef2c-40e3-a0e5-edf13a4ee3d6,BDN: TUESDAY PM,885987e7-fb08-4774-ae50-b6856ae90a1e,203636c8-ef2c-40e3-a0e5-edf13a4ee3d6,4,15:00:00,0,12:00:00,0,18:00:00,3,05:00:00,3,21:00:00,62759d07-dda5-4e5e-a0b9-fce960493522,5.99,,Bringg,1000,FALSE,TRUE,1,,christmas-window-exceptions-2022
7e8ef2f8-a268-4d58-8e67-6caeef904022,99328fa5-c34b-449a-bf06-04946ca74ea3,BOI: TUESDAY PM,b11fe79d-561c-48d1-bb94-5732dfe46cef,99328fa5-c34b-449a-bf06-04946ca74ea3,4,14:00:00,6,11:00:00,6,17:00:00,3,05:00:00,3,20:00:00,62759d07-dda5-4e5e-a0b9-fce960493522,5.99,,Bringg,1000,FALSE,TRUE,2,,christmas-window-exceptions-2022
b9a3bd70-2f24-4c71-b7a5-8fb878a567db,4710ac75-70f7-45c3-99f4-adf450179be0,EUG: TUESDAY PM,ae49a57b-668b-47c4-8c5e-bc85ac28a00e,4710ac75-70f7-45c3-99f4-adf450179be0,4,15:00:00,0,12:00:00,0,18:00:00,3,05:00:00,3,21:00:00,62759d07-dda5-4e5e-a0b9-fce960493522,5.99,,Bringg,1000,FALSE,TRUE,1,,christmas-window-exceptions-2022
430eb096-a043-4d63-a052-6d463b8f0e2a,72477012-0d39-43d3-af19-b7acf92e115f,OLM: TUESDAY PM,537cd30b-4c36-4f1c-9bc2-c5e8aecf2780,72477012-0d39-43d3-af19-b7acf92e115f,4,15:00:00,0,12:00:00,0,18:00:00,3,05:00:00,3,21:00:00,62759d07-dda5-4e5e-a0b9-fce960493522,5.99,,Bringg,1000,FALSE,TRUE,1,,christmas-window-exceptions-2022
50038150-f7ac-43c3-bed4-a5316f11e46e,54ba1cc5-5f65-4c1e-b021-2dac65ff3c7f,PDX: TUESDAY PM,4433c76f-826b-4ef2-acab-e523c13ffc14,54ba1cc5-5f65-4c1e-b021-2dac65ff3c7f,4,15:00:00,0,12:00:00,0,18:00:00,3,05:00:00,3,21:00:00,62759d07-dda5-4e5e-a0b9-fce960493522,5.99,,Bringg,1000,FALSE,TRUE,1,,christmas-window-exceptions-2022
38ffc46a-021b-4969-9219-a36c5fb0fbf0,2f3aaf90-12ae-48c3-899d-2fec9a6d9761,SEA: TUESDAY PM,93c6c3ba-385b-4d8f-9b61-1d741493aabc,2f3aaf90-12ae-48c3-899d-2fec9a6d9761,4,15:00:00,0,12:00:00,0,18:00:00,3,05:00:00,3,21:00:00,62759d07-dda5-4e5e-a0b9-fce960493522,5.99,,Bringg,1000,FALSE,TRUE,1,,christmas-window-exceptions-2022
adf18922-7fd0-4ef5-b518-8fb38ee887ea,8a2553b1-63eb-436c-9c99-0e2fcca775b3,SPK: TUESDAY PM,b8f2e0af-e118-4a26-a13c-b89fca37a5c2,8a2553b1-63eb-436c-9c99-0e2fcca775b3,4,15:00:00,0,12:00:00,0,18:00:00,3,05:00:00,3,21:00:00,62759d07-dda5-4e5e-a0b9-fce960493522,5.99,,Bringg,1000,FALSE,TRUE,1,,christmas-window-exceptions-2022
932b79f8-40e1-4523-8065-c22e0c5623fb,bded7ac9-3a69-4a5a-afac-b5095cc46f58,BLI: WEDNESDAY PM,869b57f6-e5a6-4380-988f-57292c8fd864,bded7ac9-3a69-4a5a-afac-b5095cc46f58,5,15:00:00,1,12:00:00,1,18:00:00,4,05:00:00,4,21:00:00,62759d07-dda5-4e5e-a0b9-fce960493522,5.99,,Bringg,1000,FALSE,TRUE,1,,christmas-window-exceptions-2022
0d5296b2-2b7b-48ee-8960-905b793caba3,215c70a2-2715-470c-ad71-faf1e354baa8,BDN: WEDNESDAY PM,90568bec-6cc0-4dad-8d75-c891b0f57922,215c70a2-2715-470c-ad71-faf1e354baa8,5,15:00:00,1,12:00:00,1,18:00:00,4,05:00:00,4,21:00:00,62759d07-dda5-4e5e-a0b9-fce960493522,5.99,,Bringg,1000,FALSE,TRUE,1,,christmas-window-exceptions-2022
d59452a6-e799-49a4-a622-84cfeaa3becb,dfa5eb33-19c1-430f-839f-07e6cde493c8,BOI: WEDNESDAY PM,efa8c0d3-a2d0-45bd-8d07-f342649f22b9,dfa5eb33-19c1-430f-839f-07e6cde493c8,5,14:00:00,1,11:00:00,1,17:00:00,4,05:00:00,4,20:00:00,62759d07-dda5-4e5e-a0b9-fce960493522,5.99,,Bringg,1000,FALSE,TRUE,1,,christmas-window-exceptions-2022
3f136629-a933-40d9-ac32-d351b4a9e128,b371e3ec-533f-4931-ae5c-ddb9e29ff53d,EUG: WEDNESDAY PM,4ff5f76e-8a60-49b4-84d4-97fc9a095b36,b371e3ec-533f-4931-ae5c-ddb9e29ff53d,5,15:00:00,1,12:00:00,1,18:00:00,4,05:00:00,4,21:00:00,62759d07-dda5-4e5e-a0b9-fce960493522,5.99,,Bringg,1000,FALSE,TRUE,1,,christmas-window-exceptions-2022
74548c37-f085-43a5-b85d-f342533747bb,46782f0f-ba55-4089-9d08-3a2dedc73dc6,OLM: WEDNESDAY PM,985f5293-f196-46e4-9da1-f3a1023d47ba,46782f0f-ba55-4089-9d08-3a2dedc73dc6,5,15:00:00,1,12:00:00,1,18:00:00,4,05:00:00,4,21:00:00,62759d07-dda5-4e5e-a0b9-fce960493522,5.99,,Bringg,1000,FALSE,TRUE,1,,christmas-window-exceptions-2022
96b2a2b2-d24e-4b3b-933e-f38851668a39,84e03d9b-7b67-4a8b-910d-72c7e1da6097,PDX: WEDNESDAY PM,c2640362-319e-465d-8df5-d183ffa47445,84e03d9b-7b67-4a8b-910d-72c7e1da6097,5,15:00:00,1,12:00:00,1,18:00:00,4,05:00:00,4,21:00:00,62759d07-dda5-4e5e-a0b9-fce960493522,5.99,,Bringg,1000,FALSE,TRUE,1,,christmas-window-exceptions-2022
6c486673-70a3-4c86-93e4-f83266c102e1,d1173b22-06ae-49ab-b45c-1bfed0332a3f,SEA: WEDNESDAY PM,f914059d-742e-4b52-a54f-25ac5fbe3cea,d1173b22-06ae-49ab-b45c-1bfed0332a3f,5,15:00:00,1,12:00:00,1,18:00:00,4,05:00:00,4,21:00:00,62759d07-dda5-4e5e-a0b9-fce960493522,5.99,,Bringg,1000,FALSE,TRUE,1,,christmas-window-exceptions-2022
6ea46e65-182f-4dcc-ab1c-c751c8293130,a7021277-2170-479d-8bce-4732d95b0baa,SPK: WEDNESDAY PM,b71b127c-e4cb-45f9-b182-f0dac3a1233f,a7021277-2170-479d-8bce-4732d95b0baa,5,15:00:00,1,12:00:00,1,18:00:00,4,05:00:00,4,21:00:00,62759d07-dda5-4e5e-a0b9-fce960493522,5.99,,Bringg,1000,FALSE,TRUE,1,,christmas-window-exceptions-2022
33b8726b-29d5-4a36-b6b7-24cec4c16212,6a30695d-c456-4dd0-995a-510eb97239c0,BLI: THURSDAY PM,8d009b02-853e-4406-a961-0c480ab38445,6a30695d-c456-4dd0-995a-510eb97239c0,1,13:00:00,2,15:00:00,2,21:00:00,5,05:00:00,5,21:00:00,62759d07-dda5-4e5e-a0b9-fce960493522,5.99,,Bringg,1000,FALSE,TRUE,1,,christmas-window-exceptions-2022
a5a1ea5a-b7e2-4055-a64b-86c3766b11fb,6045937b-2b87-4d21-9711-374a8b599736,BDN: THURSDAY PM,21a05fcc-e680-4759-bdbb-3376c2fb2032,6045937b-2b87-4d21-9711-374a8b599736,1,13:00:00,2,15:00:00,2,21:00:00,5,05:00:00,5,21:00:00,62759d07-dda5-4e5e-a0b9-fce960493522,5.99,,Bringg,1000,FALSE,TRUE,1,,christmas-window-exceptions-2022
a1df03a8-b175-484e-a09a-ce9c3b17e012,c6036be2-2011-470b-b709-0ad609afc2b3,BOI: THURSDAY PM,42bc4f92-7026-4f43-9372-0792af48a14b,c6036be2-2011-470b-b709-0ad609afc2b3,5,14:00:00,1,11:00:00,1,17:00:00,5,05:00:00,5,20:00:00,62759d07-dda5-4e5e-a0b9-fce960493522,5.99,,Bringg,1000,FALSE,TRUE,2,,christmas-window-exceptions-2022
a255969a-8336-4033-9fac-dcc6fdaa8f9d,420076fe-2e4a-4837-a15c-d016dea89247,EUG: THURSDAY PM,0949fceb-a3f6-49e6-b6b5-7ea84e9afe45,420076fe-2e4a-4837-a15c-d016dea89247,1,13:00:00,2,15:00:00,2,21:00:00,5,05:00:00,5,21:00:00,62759d07-dda5-4e5e-a0b9-fce960493522,5.99,,Bringg,1000,FALSE,TRUE,1,,christmas-window-exceptions-2022
d4ba34e7-346a-4114-b359-2cddf0e32961,8b9ac3b7-b798-4117-b5d0-470b5c3640b1,OLM: THURSDAY PM,72857215-ac8d-418e-9065-a38ea54f1064,8b9ac3b7-b798-4117-b5d0-470b5c3640b1,1,13:00:00,2,15:00:00,2,21:00:00,5,05:00:00,5,21:00:00,62759d07-dda5-4e5e-a0b9-fce960493522,5.99,,Bringg,1000,FALSE,TRUE,1,,christmas-window-exceptions-2022
cd564b4c-419c-4af1-8b39-32743663d14e,0b58b1f2-b858-4607-bcad-83d7cf13fd91,PDX: THURSDAY PM,8b66c60b-4dab-4a73-923d-262e2ac8b75a,0b58b1f2-b858-4607-bcad-83d7cf13fd91,1,13:00:00,2,15:00:00,2,21:00:00,5,05:00:00,5,21:00:00,62759d07-dda5-4e5e-a0b9-fce960493522,5.99,,Bringg,1000,FALSE,TRUE,1,,christmas-window-exceptions-2022
38ebca8e-6bc8-4d6a-abdc-0817cc79ac08,b013d3d2-16ff-450f-bd7d-cae53fe77f79,SEA: THURSDAY PM,033a30bd-8ab4-40d0-bef3-28d41e662b3c,b013d3d2-16ff-450f-bd7d-cae53fe77f79,1,13:00:00,2,15:00:00,2,21:00:00,5,05:00:00,5,21:00:00,62759d07-dda5-4e5e-a0b9-fce960493522,5.99,,Bringg,1000,FALSE,TRUE,1,,christmas-window-exceptions-2022
9764c226-d3fb-4ca6-9498-7788fd1e2071,177fc982-b57d-4c51-8973-dc02137686e1,SPK: THURSDAY PM,bc4511ae-4f42-4af3-9a37-880daf4a1552,177fc982-b57d-4c51-8973-dc02137686e1,1,13:00:00,2,15:00:00,2,21:00:00,5,05:00:00,5,21:00:00,62759d07-dda5-4e5e-a0b9-fce960493522,5.99,,Bringg,1000,FALSE,TRUE,1,,christmas-window-exceptions-2022
350a4688-0294-41ed-b824-68fb76d0fff8,a43e5acc-2a91-4826-80a9-05cd666369da,MOC: MONDAY PM,1ba78270-0a78-4a5e-a3f8-5bd2acd7e3e3,a43e5acc-2a91-4826-80a9-05cd666369da,4,15:00:00,6,12:00:00,6,18:00:00,2,05:00:00,2,21:00:00,25729cbe-719c-4314-ab07-0fbc45d38a11,5.99,,Bringg,1000,FALSE,TRUE,1,,christmas-window-exceptions-2022
a66e8a6b-e1b6-46ec-9366-22083f19bc74,0b5a39d7-b625-41aa-8ee0-44a4d8722bc1,BWI: MONDAY PM,e3020660-e073-46c7-bf05-10878e496f42,0b5a39d7-b625-41aa-8ee0-44a4d8722bc1,4,15:00:00,6,12:00:00,6,18:00:00,2,05:00:00,2,21:00:00,25729cbe-719c-4314-ab07-0fbc45d38a11,5.99,,Bringg,1000,FALSE,TRUE,1,,christmas-window-exceptions-2022
e12263ec-2b4a-432b-9783-c6cea373ee6c,7d7a2fc1-01db-4f07-b3ad-59e0d77cc10b,BRX: MONDAY PM,ad3b947f-0551-4891-b5fa-860503ffad80,7d7a2fc1-01db-4f07-b3ad-59e0d77cc10b,4,15:00:00,6,12:00:00,6,18:00:00,2,05:00:00,2,21:00:00,25729cbe-719c-4314-ab07-0fbc45d38a11,5.99,,Bringg,1000,FALSE,TRUE,1,,christmas-window-exceptions-2022
09fd7c48-84f6-469a-beeb-a730922efbbc,a0dc1d3e-5948-4ad2-9131-71d29c6c3d17,LIM: MONDAY,0b597650-aa36-4b32-ba29-b22560ad4815,a0dc1d3e-5948-4ad2-9131-71d29c6c3d17,4,15:00:00,6,12:00:00,6,18:00:00,2,05:00:00,2,21:00:00,25729cbe-719c-4314-ab07-0fbc45d38a11,5.99,,Bringg,1000,FALSE,TRUE,1,,christmas-window-exceptions-2022
71d3fc78-883f-4361-9961-f1055060ca6a,3c560c07-1713-4c80-8866-2ffb74ad2487,EWR: MONDAY PM,c8e7b30f-94fb-46a3-8ae6-5b5d751530de,3c560c07-1713-4c80-8866-2ffb74ad2487,4,15:00:00,6,12:00:00,6,18:00:00,2,05:00:00,2,21:00:00,25729cbe-719c-4314-ab07-0fbc45d38a11,5.99,,Bringg,1000,FALSE,TRUE,1,,christmas-window-exceptions-2022
f8b7eb84-e552-4de9-8b7b-d8378b985183,454a6f15-58ae-4926-9fec-3e1ce34e97f9,NVA: MONDAY PM,0528eb28-86f7-4679-a1ea-3b22baea5227,c20a3e51-4a21-481a-9dc9-ef9336adfd8a,4,15:00:00,6,12:00:00,0,18:00:00,2,05:00:00,2,21:00:00,25729cbe-719c-4314-ab07-0fbc45d38a11,5.99,,Bringg,1000,FALSE,TRUE,1,,christmas-window-exceptions-2022
951d445c-ea63-4b87-b335-697f9204c606,a62e6e07-f503-4d31-bb3c-685ba8697606,BWI: TUESDAY PM,03409618-9ad6-4279-a9df-1e4ff6d474ab,a62e6e07-f503-4d31-bb3c-685ba8697606,4,15:00:00,0,12:00:00,0,18:00:00,3,05:00:00,3,21:00:00,25729cbe-719c-4314-ab07-0fbc45d38a11,5.99,,Bringg,1000,FALSE,TRUE,1,,christmas-window-exceptions-2022
3426c2fb-c9dc-4609-b0ca-a056a601b562,caa66307-4cb6-48cc-8203-24916e389fc7,BRX: TUESDAY PM,19d3e0d2-a0e1-41cd-8422-319ba3b4e7ed,caa66307-4cb6-48cc-8203-24916e389fc7,4,15:00:00,0,12:00:00,0,18:00:00,3,05:00:00,3,21:00:00,25729cbe-719c-4314-ab07-0fbc45d38a11,5.99,,Bringg,1000,FALSE,TRUE,1,,christmas-window-exceptions-2022
014af6b4-346e-4d70-88ad-fa4304df701c,6d3dc4e9-1a11-4e29-a918-3ccc4f8e5af1,LIM: TUESDAY,96880602-611a-4dfb-9743-7bbb8a3ef1e2,6d3dc4e9-1a11-4e29-a918-3ccc4f8e5af1,4,15:00:00,0,12:00:00,0,18:00:00,3,05:00:00,3,21:00:00,25729cbe-719c-4314-ab07-0fbc45d38a11,5.99,,Bringg,1000,FALSE,TRUE,1,,christmas-window-exceptions-2022
c7aeb972-c385-4445-af4a-7e9458d0b408,556535a1-e79e-4057-962a-bfb40e6b726c,EWR: TUESDAY PM,311326dc-7b76-4e03-ab98-7f6b65610e65,556535a1-e79e-4057-962a-bfb40e6b726c,4,15:00:00,0,12:00:00,0,18:00:00,3,05:00:00,3,21:00:00,25729cbe-719c-4314-ab07-0fbc45d38a11,5.99,,Bringg,1000,FALSE,TRUE,1,,christmas-window-exceptions-2022
5acdd23e-92e8-405b-91d8-d281c72796c5,7baf358c-7a57-4453-885f-024244b7e085,MOC: TUESDAY PM,4182c9aa-9fda-400a-b2dd-0b15f281ac40,8697f4cc-e888-4f28-89b3-087d6cbcda5f,4,15:00:00,0,12:00:00,1,18:00:00,3,05:00:00,3,21:00:00,25729cbe-719c-4314-ab07-0fbc45d38a11,5.99,,Bringg,1000,FALSE,TRUE,1,,christmas-window-exceptions-2022
baf11358-e9bb-443f-8b63-e8e108bc9665,7ba06165-7dcd-4abf-a85d-54ed293ff34f,BRX: WEDNESDAY PM,3a21dc61-a139-457e-9244-03ce7d140daa,7ba06165-7dcd-4abf-a85d-54ed293ff34f,5,15:00:00,1,12:00:00,1,18:00:00,4,05:00:00,4,21:00:00,25729cbe-719c-4314-ab07-0fbc45d38a11,5.99,,Bringg,1000,FALSE,TRUE,1,,christmas-window-exceptions-2022
8d36da6c-95ad-422b-83fa-d67a35abfe02,ebb20ef1-40b4-4f3a-b384-819bd5b5980d,LIM: WEDNESDAY,1fbcc72b-bfbe-4e7c-ab62-4889b08e278c,ebb20ef1-40b4-4f3a-b384-819bd5b5980d,5,15:00:00,1,12:00:00,1,18:00:00,4,05:00:00,4,21:00:00,25729cbe-719c-4314-ab07-0fbc45d38a11,5.99,,Bringg,1000,FALSE,TRUE,1,,christmas-window-exceptions-2022
89b4d9db-cb6c-48ff-8c5a-8220d2bcfe31,b7f9cea9-5dba-4d3e-ab2f-14072106155e,EWR: WEDNESDAY PM,1c067b68-e1e2-43a9-91f6-c244a9761653,b7f9cea9-5dba-4d3e-ab2f-14072106155e,5,15:00:00,1,12:00:00,1,18:00:00,4,05:00:00,4,21:00:00,25729cbe-719c-4314-ab07-0fbc45d38a11,5.99,,Bringg,1000,FALSE,TRUE,1,,christmas-window-exceptions-2022
7ddd2473-3167-47ae-a492-100f87048405,fe129db3-b17f-48a1-a67c-db357c322da9,BWI: WEDNESDAY PM,685ec0af-29a5-4d53-91ad-075ffa6ee800,1f1112d1-15ab-4c07-a11f-503645e8ccf7,5,15:00:00,1,12:00:00,2,21:00:00,4,05:00:00,4,21:00:00,25729cbe-719c-4314-ab07-0fbc45d38a11,5.99,,Bringg,1000,FALSE,TRUE,1,,christmas-window-exceptions-2022
7b64c42d-6cd0-47dd-bc6b-22098565ac4d,f7496d9e-2681-4f43-a830-a3246e667352,BRX: THURSDAY PM,4fcbf5b5-ec23-454e-a1b7-e09b900456da,f7496d9e-2681-4f43-a830-a3246e667352,1,13:00:00,2,15:00:00,2,21:00:00,5,05:00:00,5,21:00:00,25729cbe-719c-4314-ab07-0fbc45d38a11,5.99,,Bringg,1000,FALSE,TRUE,1,,christmas-window-exceptions-2022
2c46e668-3337-4929-bd15-95d5769103c3,513206b8-4b80-422a-8509-7809e539cdeb,LIM: THURSDAY,436bd2b2-1a96-49e7-b82d-4f566274f718,513206b8-4b80-422a-8509-7809e539cdeb,1,13:00:00,2,15:00:00,2,21:00:00,5,05:00:00,5,21:00:00,25729cbe-719c-4314-ab07-0fbc45d38a11,5.99,,Bringg,1000,FALSE,TRUE,1,,christmas-window-exceptions-2022
b5975bc1-140f-4fd7-a8e0-70a352abe01d,37fd4319-9f53-48d2-b310-631aa57e1d5e,EWR: THURSDAY PM,2fd44dfc-7c12-4592-bf83-2fca9ff52577,37fd4319-9f53-48d2-b310-631aa57e1d5e,1,13:00:00,2,15:00:00,2,21:00:00,5,05:00:00,5,21:00:00,25729cbe-719c-4314-ab07-0fbc45d38a11,5.99,,Bringg,1000,FALSE,TRUE,1,,christmas-window-exceptions-2022
863f927e-b0da-4a4c-b2df-43bd6327f392,52fa935c-7062-4d05-8b7e-8ff5614e539c,CHI: MONDAY PM,ed57c136-09af-4f1c-bda9-a9caca0ab112,8ff09422-4188-463a-802c-0f7afdff707e,4,15:00:00,6,12:00:00,0,18:00:00,2,05:00:00,2,21:00:00,c059b389-ff65-4283-8edb-06ffc96193af,5.99,,Bringg,1000,FALSE,TRUE,1,,christmas-window-exceptions-2022
17cf2a65-253f-467b-9d5d-ee4764877f92,33c2c2f5-fc85-4f8f-86b0-a6eabf8519ad,DAY: MONDAY PM,7608f204-3d6a-414d-bd76-bfc809275d08,33c2c2f5-fc85-4f8f-86b0-a6eabf8519ad,4,14:00:00,6,11:00:00,6,17:00:00,2,05:00:00,2,20:00:00,c059b389-ff65-4283-8edb-06ffc96193af,5.99,,Bringg,1000,FALSE,TRUE,1,,christmas-window-exceptions-2022
0959b963-a82a-4e8f-a1f6-5217300e202d,ed333e3c-d145-4c40-959e-32bf2bd9dac1,IND: MONDAY PM,2c1a9f41-0b75-473d-835f-e47166b080d4,ed333e3c-d145-4c40-959e-32bf2bd9dac1,4,14:00:00,6,11:00:00,6,17:00:00,2,05:00:00,2,20:00:00,c059b389-ff65-4283-8edb-06ffc96193af,5.99,,Bringg,1000,FALSE,TRUE,1,,christmas-window-exceptions-2022
845818ba-b18f-44ed-8ae6-9e8a283e12f3,d54a502a-639f-4d0c-8c9c-a0520537f596,LOU: MONDAY PM,072fac95-9d2f-4250-a35c-00c54321b671,d54a502a-639f-4d0c-8c9c-a0520537f596,4,14:00:00,6,11:00:00,6,17:00:00,2,05:00:00,2,20:00:00,c059b389-ff65-4283-8edb-06ffc96193af,5.99,,Bringg,1000,FALSE,TRUE,1,,christmas-window-exceptions-2022
c2ad8cbf-4e3f-4e76-992d-eb9a303168eb,09beb073-e11e-49a0-9e8d-0b640317dad5,MSN: MONDAY PM,77f3ef4d-c850-4349-ae68-7fee327f01b0,09beb073-e11e-49a0-9e8d-0b640317dad5,4,15:00:00,6,12:00:00,6,18:00:00,2,05:00:00,2,21:00:00,c059b389-ff65-4283-8edb-06ffc96193af,5.99,,Bringg,1000,FALSE,TRUE,1,,christmas-window-exceptions-2022
ca4ad9a2-7364-4c95-9aa7-441e050d4f3d,5115c018-4299-4fa3-9f65-f75e34e2db55,MKE: MONDAY PM,c299f309-bde6-4fdc-a9ff-d9e9c195865e,5115c018-4299-4fa3-9f65-f75e34e2db55,4,15:00:00,6,12:00:00,6,18:00:00,2,05:00:00,2,21:00:00,c059b389-ff65-4283-8edb-06ffc96193af,5.99,,Bringg,1000,FALSE,TRUE,1,,christmas-window-exceptions-2022
dbe934c6-5b94-4a60-8f05-9859f98fabf3,1b572488-cdca-4732-ac30-2f54c49a042c,MSP: MONDAY PM,e9bfc443-52ac-4e9b-830d-483a753922a4,1b572488-cdca-4732-ac30-2f54c49a042c,4,15:00:00,6,12:00:00,6,18:00:00,2,05:00:00,2,21:00:00,c059b389-ff65-4283-8edb-06ffc96193af,5.99,,Bringg,1000,FALSE,TRUE,1,,christmas-window-exceptions-2022
b25d9d60-8f8a-4f11-bc6d-42ed8a3899d7,2a53a587-da2c-45fe-8a1c-099db6441313,BNA: MONDAY PM,8f79e8fd-5312-4b76-a64f-ab7b2dcaef7c,2a53a587-da2c-45fe-8a1c-099db6441313,4,15:00:00,6,12:00:00,6,18:00:00,2,05:00:00,2,21:00:00,c059b389-ff65-4283-8edb-06ffc96193af,5.99,,Bringg,1000,FALSE,TRUE,1,,christmas-window-exceptions-2022
bd14eafa-0486-4a0c-aeac-2b4021c72c9d,64eecab1-de5c-4cb7-8e5a-a83efc194b8a,DAY: TUESDAY PM,9cb31241-e87c-43f6-a0f5-2107131761fe,64eecab1-de5c-4cb7-8e5a-a83efc194b8a,4,14:00:00,0,11:00:00,0,17:00:00,3,05:00:00,3,20:00:00,c059b389-ff65-4283-8edb-06ffc96193af,5.99,,Bringg,1000,FALSE,TRUE,1,,christmas-window-exceptions-2022
f4a60b0d-24bc-4e6a-931c-eb78f14e9941,d3363dd4-375c-47fa-8403-0b3a52b6282d,IND: TUESDAY PM,153750c5-e046-4373-ba9a-c39f5c5d3489,d3363dd4-375c-47fa-8403-0b3a52b6282d,4,14:00:00,0,11:00:00,0,17:00:00,3,05:00:00,3,20:00:00,c059b389-ff65-4283-8edb-06ffc96193af,5.99,,Bringg,1000,FALSE,TRUE,1,,christmas-window-exceptions-2022
b60137aa-c315-449b-9ab6-9b88233debcf,8715c6de-c48b-4c1d-86f8-bc76c615ac00,LOU: TUESDAY PM,78a2a782-69d1-4230-ac51-591286ce145d,8715c6de-c48b-4c1d-86f8-bc76c615ac00,4,14:00:00,0,11:00:00,0,17:00:00,3,05:00:00,3,20:00:00,c059b389-ff65-4283-8edb-06ffc96193af,5.99,,Bringg,1000,FALSE,TRUE,1,,christmas-window-exceptions-2022
46e04224-a568-4c91-be74-83fccc75e80c,8f790b0f-2bc4-44c0-981f-b8bd70a90c1a,MSN: TUESDAY PM,754e914b-98c8-400f-993a-9c462534e858,8f790b0f-2bc4-44c0-981f-b8bd70a90c1a,4,15:00:00,0,12:00:00,0,18:00:00,3,05:00:00,3,21:00:00,c059b389-ff65-4283-8edb-06ffc96193af,5.99,,Bringg,1000,FALSE,TRUE,1,,christmas-window-exceptions-2022
001dc390-909e-49b2-a12c-87850d476daa,88431f27-bb91-4188-b82e-f2a8fe224502,MKE: TUESDAY PM,d301df10-b9ee-4ef5-8775-aa7ab133f40b,88431f27-bb91-4188-b82e-f2a8fe224502,4,15:00:00,0,12:00:00,0,18:00:00,3,05:00:00,3,21:00:00,c059b389-ff65-4283-8edb-06ffc96193af,5.99,,Bringg,1000,FALSE,TRUE,1,,christmas-window-exceptions-2022
0975482e-d7be-45a6-a35b-3df27ab57493,b367bf19-8f8a-4700-b0d6-dee55be0d386,MSP: TUESDAY PM,d70772b6-374d-4d55-870a-88e065f83521,b367bf19-8f8a-4700-b0d6-dee55be0d386,4,15:00:00,0,12:00:00,0,18:00:00,3,05:00:00,3,21:00:00,c059b389-ff65-4283-8edb-06ffc96193af,5.99,,Bringg,1000,FALSE,TRUE,1,,christmas-window-exceptions-2022
075d9f7c-4483-40fd-9877-ec02152d5742,80b6b56c-2097-4a4e-a66e-8b5160bb48a0,BNA: TUESDAY PM,79ed7474-322a-44bb-bbec-e115bea31a71,80b6b56c-2097-4a4e-a66e-8b5160bb48a0,4,15:00:00,0,12:00:00,0,18:00:00,3,05:00:00,3,21:00:00,c059b389-ff65-4283-8edb-06ffc96193af,5.99,,Bringg,1000,FALSE,TRUE,1,,christmas-window-exceptions-2022
7a7e2a86-dc91-44b4-8d68-ada60f0f20f6,1175aef7-e7cd-4899-8a60-56f18c72b08a,DAY: WEDNESDAY PM,4c1e38ec-163a-4418-9042-ab3f63e3d68d,1175aef7-e7cd-4899-8a60-56f18c72b08a,5,14:00:00,1,11:00:00,1,17:00:00,4,05:00:00,4,20:00:00,c059b389-ff65-4283-8edb-06ffc96193af,5.99,,Bringg,1000,FALSE,TRUE,1,,christmas-window-exceptions-2022
0175cdaf-e972-44b6-ace8-cb591a2cdef8,01f65d48-1c84-4f13-a6c2-e63d8661e68d,IND: WEDNESDAY PM,d55c8be5-cea1-45e0-b5ed-e39a1684f002,01f65d48-1c84-4f13-a6c2-e63d8661e68d,5,14:00:00,1,11:00:00,1,17:00:00,4,05:00:00,4,20:00:00,c059b389-ff65-4283-8edb-06ffc96193af,5.99,,Bringg,1000,FALSE,TRUE,1,,christmas-window-exceptions-2022
fb76ba2c-bc7d-4e2d-a150-a28b036ef400,e192972b-91bd-4e1e-9e6e-8a2763d1f349,LOU: WEDNESDAY PM,7953309a-1713-4690-9a8d-eab7048f5f4a,e192972b-91bd-4e1e-9e6e-8a2763d1f349,5,14:00:00,1,11:00:00,1,17:00:00,4,05:00:00,4,20:00:00,c059b389-ff65-4283-8edb-06ffc96193af,5.99,,Bringg,1000,FALSE,TRUE,1,,christmas-window-exceptions-2022
9d9023bf-90f7-4435-a6af-79764cafad53,3096692c-6773-46f1-a8e6-95530e2712b1,MSN: WEDNESDAY PM,e7df2aeb-15f1-4c6f-acdb-72969ecff67f,3096692c-6773-46f1-a8e6-95530e2712b1,5,15:00:00,1,12:00:00,1,18:00:00,4,05:00:00,4,21:00:00,c059b389-ff65-4283-8edb-06ffc96193af,5.99,,Bringg,1000,FALSE,TRUE,1,,christmas-window-exceptions-2022
9a348ab1-8d21-4ce7-83ac-7558adbd8329,8e9384e0-6134-4f48-a5b2-0b5c946c0dbe,MKE: WEDNESDAY PM,7b0c5994-228b-4755-990d-b756fd43efab,8e9384e0-6134-4f48-a5b2-0b5c946c0dbe,5,15:00:00,1,12:00:00,1,18:00:00,4,05:00:00,4,21:00:00,c059b389-ff65-4283-8edb-06ffc96193af,5.99,,Bringg,1000,FALSE,TRUE,1,,christmas-window-exceptions-2022
37e0afb9-bae8-4e80-95ef-0ba1c2cd9bce,a7bfed0c-0701-4b9f-b025-fc3f0a9674fe,MSP: WEDNESDAY PM,113d1dac-be9e-46f0-8847-c73b24865bac,a7bfed0c-0701-4b9f-b025-fc3f0a9674fe,5,15:00:00,1,12:00:00,1,18:00:00,4,05:00:00,4,21:00:00,c059b389-ff65-4283-8edb-06ffc96193af,5.99,,Bringg,1000,FALSE,TRUE,1,,christmas-window-exceptions-2022
b4bfb6ac-2215-45c9-9556-8c9d04a11351,4f334ffb-16b4-43e4-8aa9-2c1cf70c06e9,BNA: WEDNESDAY PM,787eedea-5b5b-4bac-9482-e7f96bac90d2,4f334ffb-16b4-43e4-8aa9-2c1cf70c06e9,5,15:00:00,1,12:00:00,1,18:00:00,4,05:00:00,4,21:00:00,c059b389-ff65-4283-8edb-06ffc96193af,5.99,,Bringg,1000,FALSE,TRUE,1,,christmas-window-exceptions-2022
0a9067fe-e243-4c35-8f97-a213f26eb41e,8dc398a2-531e-485f-ad23-4f94224d73a1,BNA: THURSDAY PM,f56032dd-8b90-4ac6-8d95-37d16937dd3e,8dc398a2-531e-485f-ad23-4f94224d73a1,1,13:00:00,2,15:00:00,2,21:00:00,5,05:00:00,5,21:00:00,c059b389-ff65-4283-8edb-06ffc96193af,5.99,,Bringg,1000,FALSE,TRUE,1,,christmas-window-exceptions-2022
89dcbf4e-db78-4013-bc29-2770bd33a1ec,ad503420-eeaa-4ff6-a8c1-42ecf9705e80,MKE: THURSDAY PM,358a702b-d1d3-49fc-9ea9-55b4876b51ed,ad503420-eeaa-4ff6-a8c1-42ecf9705e80,1,13:00:00,2,15:00:00,2,21:00:00,5,05:00:00,5,21:00:00,c059b389-ff65-4283-8edb-06ffc96193af,5.99,,Bringg,1000,FALSE,TRUE,1,,christmas-window-exceptions-2022
786f9695-d721-4332-8e95-b5bf7ee1e398,61927e3c-7a56-4149-bb58-4d85c9c5b6b1,MSN: THURSDAY PM,05f830fe-7721-4123-94a1-bed8a9b93032,61927e3c-7a56-4149-bb58-4d85c9c5b6b1,1,13:00:00,2,15:00:00,2,21:00:00,5,05:00:00,5,21:00:00,c059b389-ff65-4283-8edb-06ffc96193af,5.99,,Bringg,1000,FALSE,TRUE,1,,christmas-window-exceptions-2022
e5dbebd6-16bd-4239-aa66-2e1aa42c3c2c,a47d4bde-606f-4303-bd44-acab2b1e2a04,MSP: THURSDAY PM,d78e39bc-8044-446c-94ac-b92c493dd5d8,a47d4bde-606f-4303-bd44-acab2b1e2a04,1,13:00:00,2,15:00:00,2,21:00:00,5,05:00:00,5,21:00:00,c059b389-ff65-4283-8edb-06ffc96193af,5.99,,Bringg,1000,FALSE,TRUE,1,,christmas-window-exceptions-2022
60b68572-38de-41c5-a711-18cea725e83b,fdc49817-1d9f-42eb-bb03-a81f80a5b9e1,IND: THURSDAY PM,17ce0134-d77d-41c7-9772-d437689e7ba8,fdc49817-1d9f-42eb-bb03-a81f80a5b9e1,1,12:00:00,2,14:00:00,2,20:00:00,5,05:00:00,5,20:00:00,c059b389-ff65-4283-8edb-06ffc96193af,5.99,,Bringg,1000,FALSE,TRUE,1,,christmas-window-exceptions-2022
b0e6bf59-5ef9-43bb-897a-4d08f2144862,7fd2d5a7-7882-489f-a153-0c2f57e8fcfd,LOU: THURSDAY PM,44271826-b29f-42f8-83f0-855d48e9d809,7fd2d5a7-7882-489f-a153-0c2f57e8fcfd,1,12:00:00,2,14:00:00,2,20:00:00,5,05:00:00,5,20:00:00,c059b389-ff65-4283-8edb-06ffc96193af,5.99,,Bringg,1000,FALSE,TRUE,1,,christmas-window-exceptions-2022
0540cb6f-b7a4-435a-8385-94e79fa11a1d,c099ac81-c1ec-4260-bc15-b4f2a1776507,DAY: THURSDAY PM,b0568ef3-c0e0-4fb9-bf55-f8c9acab10e1,c099ac81-c1ec-4260-bc15-b4f2a1776507,1,12:00:00,2,14:00:00,2,20:00:00,5,05:00:00,5,20:00:00,c059b389-ff65-4283-8edb-06ffc96193af,5.99,,Bringg,1000,FALSE,TRUE,1,,christmas-window-exceptions-2022
c9449c3d-f12f-472e-95bf-4efaead39a0e,887cdd63-24f4-4d6a-8860-e246f958cefc,LAS: MONDAY PM,b01762a5-0c2e-49b5-bd3b-35ffc3a7b23c,887cdd63-24f4-4d6a-8860-e246f958cefc,4,15:00:00,6,12:00:00,6,15:00:00,2,05:00:00,2,21:00:00,9da947fe-5a46-424f-b328-e9414c197a32,5.99,,Bringg,1000,FALSE,TRUE,1,,christmas-window-exceptions-2022
ed93b5a0-230a-44e8-85ca-33f254d69321,ac30b44a-acf9-4f6f-934f-9700a6d12a77,SLC: MONDAY PM,56297eaa-5194-465e-9639-65de9a847645,ac30b44a-acf9-4f6f-934f-9700a6d12a77,4,14:00:00,6,11:00:00,6,14:00:00,2,05:00:00,2,20:00:00,9da947fe-5a46-424f-b328-e9414c197a32,5.99,,Bringg,1000,FALSE,TRUE,1,,christmas-window-exceptions-2022
04912364-e308-4c45-a364-32c19dfeaac9,b06d9f71-c062-4c54-a5ef-6773ea946dea,PHX: MONDAY PM,f41e538f-9a44-4b71-842e-140bf8058761,b06d9f71-c062-4c54-a5ef-6773ea946dea,4,14:00:00,6,11:00:00,6,15:00:00,2,05:00:00,2,21:00:00,9da947fe-5a46-424f-b328-e9414c197a32,5.99,,Bringg,1000,FALSE,TRUE,1,,christmas-window-exceptions-2022
79b40776-6675-4f2e-9a64-566ef8f7bf97,d152b910-575a-49f9-b42e-09dbdd47e46c,TUS: MONDAY PM,afffb086-2edc-487f-a5dc-72e24a5421dd,d152b910-575a-49f9-b42e-09dbdd47e46c,4,14:00:00,6,11:00:00,6,15:00:00,2,05:00:00,2,21:00:00,9da947fe-5a46-424f-b328-e9414c197a32,5.99,,Bringg,1000,FALSE,TRUE,1,,christmas-window-exceptions-2022
db60a51f-ffab-400a-a6cc-d9a83899b505,34e11f8d-ae17-4458-b519-bdbcbbb08ff5,SBA: MONDAY PM,abcd3512-2343-40c5-a9e1-bc99b9248d37,34e11f8d-ae17-4458-b519-bdbcbbb08ff5,4,15:00:00,6,12:00:00,6,15:00:00,2,05:00:00,2,21:00:00,9da947fe-5a46-424f-b328-e9414c197a32,5.99,,Bringg,1000,FALSE,TRUE,1,,christmas-window-exceptions-2022
53496958-8691-40df-87a2-f81a7f35c4df,c0e3d0ef-fedb-4cec-81cb-54d44f1f25c5,LAX: MONDAY PM,99a509f0-f9c3-4ded-a0be-5ca10156a4a8,c0e3d0ef-fedb-4cec-81cb-54d44f1f25c5,4,15:00:00,6,12:00:00,6,15:00:00,2,05:00:00,2,21:00:00,9da947fe-5a46-424f-b328-e9414c197a32,5.99,,Bringg,1000,FALSE,TRUE,1,,christmas-window-exceptions-2022
c1810aa2-50e6-4c9a-93d7-74a455464769,5525902d-697f-47c6-9bad-69052b9e0cba,SNA: MONDAY PM,f3cbd292-3050-43a4-be31-7ee06824f664,44d302e2-deb0-4fe1-a801-3c6d5fa94729,4,15:00:00,6,12:00:00,0,15:00:00,2,05:00:00,2,21:00:00,9da947fe-5a46-424f-b328-e9414c197a32,5.99,,Bringg,1000,FALSE,TRUE,1,,christmas-window-exceptions-2022
a62f84a7-d27e-4a2f-95d0-35d474fa5860,b072d85c-2af2-428c-8d4f-58e43c3da1ea,SAN: MONDAY PM,b8bd91fc-ae6c-4a0a-acdd-5d85d7e41dc1,e4c59fd0-f64c-42cb-8dfb-bed937651a25,4,15:00:00,6,12:00:00,0,15:00:00,2,05:00:00,2,21:00:00,9da947fe-5a46-424f-b328-e9414c197a32,5.99,,Bringg,1000,FALSE,TRUE,1,,christmas-window-exceptions-2022
7b3b57e1-0eaa-4957-927d-5827e121d81d,471931ee-a40c-4605-bd41-b27dea448ae0,SFO: MONDAY PM LAX,cfc152dc-2726-4ce3-b17e-46c33a739d20,f7cb92de-d15b-46be-a5ca-6bfa9b8316e1,4,15:00:00,6,12:00:00,0,15:00:00,2,05:00:00,2,21:00:00,9da947fe-5a46-424f-b328-e9414c197a32,5.99,,Bringg,1000,FALSE,TRUE,1,,christmas-window-exceptions-2022
4ad11863-b276-4326-8a2b-cbb1bd583bb3,e7439bbf-ff7b-4982-b43a-373d5e025877,SBY: MONDAY PM,92dd3d8c-518e-4951-88e8-2e4cca36f2f0,e7439bbf-ff7b-4982-b43a-373d5e025877,4,15:00:00,6,12:00:00,6,15:00:00,2,05:00:00,2,21:00:00,9da947fe-5a46-424f-b328-e9414c197a32,5.99,,Bringg,1000,FALSE,TRUE,1,,christmas-window-exceptions-2022
e05a3bbd-2e2f-426c-9d27-f3a724dc8596,3c9c52c1-3be8-4514-99bb-f833eccae5e0,NBY: MONDAY PM LAX,59339e34-6abf-4741-9ec2-fcc9f9b3b09f,e67c1cef-fa90-4733-94eb-270b3b8b003f,4,15:00:00,6,12:00:00,0,15:00:00,2,05:00:00,2,21:00:00,9da947fe-5a46-424f-b328-e9414c197a32,5.99,,Bringg,1000,FALSE,TRUE,1,,christmas-window-exceptions-2022
d2b4ffcc-73c0-4b95-a119-2f56c80821fa,c68ca8e0-3192-4f53-bfc9-cf45b01e7aaa,EBY: MONDAY PM LAX,895a9496-63a9-4ac3-b215-8dd53501c0cb,c68ca8e0-3192-4f53-bfc9-cf45b01e7aaa,4,15:00:00,6,12:00:00,6,15:00:00,2,05:00:00,2,21:00:00,9da947fe-5a46-424f-b328-e9414c197a32,5.99,,Bringg,1000,FALSE,TRUE,1,,christmas-window-exceptions-2022
d998d7cb-0232-4e05-8f45-0c43ecd3e020,c4e9823b-c681-4d9a-bb91-3b7c91aec815,RNO: MONDAY PM LAX,88485589-0ee3-4aef-8331-a40a6cfa024a,f5bec5e3-007e-49c1-b344-6a882c562635,4,15:00:00,6,12:00:00,0,15:00:00,2,05:00:00,2,21:00:00,9da947fe-5a46-424f-b328-e9414c197a32,5.99,,Bringg,1000,FALSE,TRUE,1,,christmas-window-exceptions-2022
0f0d3e31-e6f2-4717-8ff9-982e9df242d4,ce136a5a-2a40-49e0-9926-7dd6bd4d0ea0,SAC: MONDAY PM LAX,7edde621-ad5d-401e-9b12-5f81f1daa162,a3374a93-76af-4090-bef3-e2913ce881ff,4,15:00:00,6,12:00:00,0,15:00:00,2,05:00:00,2,21:00:00,9da947fe-5a46-424f-b328-e9414c197a32,5.99,,Bringg,1000,FALSE,TRUE,1,,christmas-window-exceptions-2022
9a32d9ce-44a7-454d-96aa-1da6897adfcf,4f7320ee-3263-43b2-b653-cb7c42dcff90,DEN: TUESDAY PM,a6fbefbb-bd13-471e-a774-864358a85809,4f7320ee-3263-43b2-b653-cb7c42dcff90,4,14:00:00,6,11:00:00,6,14:00:00,3,05:00:00,3,20:00:00,9da947fe-5a46-424f-b328-e9414c197a32,5.99,,Bringg,1000,FALSE,TRUE,2,,christmas-window-exceptions-2022
de6cd28d-3674-4947-bd2c-ad553da80ff4,2c9fdf4b-b11f-46aa-8881-15894b71f1fb,LAS: TUESDAY PM,0e7ab129-6414-467c-b1f5-0e714b636f08,2c9fdf4b-b11f-46aa-8881-15894b71f1fb,4,15:00:00,0,12:00:00,0,15:00:00,3,05:00:00,3,21:00:00,9da947fe-5a46-424f-b328-e9414c197a32,5.99,,Bringg,1000,FALSE,TRUE,1,,christmas-window-exceptions-2022
82e37986-8179-4879-b3f6-db198594c0ed,fba43e76-0c24-4b21-b29a-69cd5b211127,SLC: TUESDAY PM,f7b12ec5-1f38-4111-89a7-c4daa85b2acd,fba43e76-0c24-4b21-b29a-69cd5b211127,4,14:00:00,0,11:00:00,0,14:00:00,3,05:00:00,3,20:00:00,9da947fe-5a46-424f-b328-e9414c197a32,5.99,,Bringg,1000,FALSE,TRUE,1,,christmas-window-exceptions-2022
98e1a72e-99c3-4f8c-a549-76d1fddd1622,53c25d18-d6cb-4cbe-876e-a7a6977dbb79,PHX: TUESDAY PM,b9ff51d2-686e-455d-a13b-d6aaa741a49e,53c25d18-d6cb-4cbe-876e-a7a6977dbb79,4,14:00:00,0,11:00:00,0,15:00:00,3,05:00:00,3,21:00:00,9da947fe-5a46-424f-b328-e9414c197a32,5.99,,Bringg,1000,FALSE,TRUE,1,,christmas-window-exceptions-2022
5a820b7a-b29f-40de-9964-64e833f5ec1f,9696167d-2294-45f5-8780-1a510a4c9271,TUS: TUESDAY PM,80530fa0-ba4c-4a87-b80d-7ffd3f0536b2,9696167d-2294-45f5-8780-1a510a4c9271,4,14:00:00,0,11:00:00,0,15:00:00,3,05:00:00,3,21:00:00,9da947fe-5a46-424f-b328-e9414c197a32,5.99,,Bringg,1000,FALSE,TRUE,1,,christmas-window-exceptions-2022
e412a14a-ddc3-4f6f-bd5a-e8c1f79fed93,427038ad-54ab-4128-9bba-79daf0b31aa1,SBA: TUESDAY PM,821e35dd-9fde-4649-88f0-050d5cd912cd,427038ad-54ab-4128-9bba-79daf0b31aa1,4,15:00:00,0,12:00:00,0,15:00:00,3,05:00:00,3,21:00:00,9da947fe-5a46-424f-b328-e9414c197a32,5.99,,Bringg,1000,FALSE,TRUE,1,,christmas-window-exceptions-2022
50167f8d-7217-4618-b9c8-2ad1d01bd116,9268a6e2-5096-488f-bf0f-743ec70e93ec,LAX: TUESDAY PM,21732c7b-546c-4f88-8391-92ec88d1580b,9268a6e2-5096-488f-bf0f-743ec70e93ec,4,15:00:00,0,12:00:00,0,15:00:00,3,05:00:00,3,21:00:00,9da947fe-5a46-424f-b328-e9414c197a32,5.99,,Bringg,1000,FALSE,TRUE,1,,christmas-window-exceptions-2022
482c9536-c151-4864-9c91-4a89453f1de5,040a0686-bad2-4827-82e1-ab76e3d244cb,EBY: TUESDAY PM LAX,eb87c789-32a1-4fba-8be8-300cf8c4fbf3,040a0686-bad2-4827-82e1-ab76e3d244cb,4,15:00:00,0,12:00:00,0,15:00:00,3,05:00:00,3,21:00:00,9da947fe-5a46-424f-b328-e9414c197a32,5.99,,Bringg,1000,FALSE,TRUE,1,,christmas-window-exceptions-2022
901b764f-f1e8-457a-a156-72dc09c0ffb5,a1801281-48d9-46ba-9ae8-6076a98b7d12,SBY: TUESDAY PM,346478e5-e667-4428-8907-ca73071d1eef,33687397-e353-4ca2-9386-f7d04f223ffc,4,15:00:00,0,12:00:00,1,15:00:00,3,05:00:00,3,21:00:00,9da947fe-5a46-424f-b328-e9414c197a32,5.99,,Bringg,1000,FALSE,TRUE,1,,christmas-window-exceptions-2022
ecc5a31c-38a7-4b93-a40a-3614405039a1,4d12a24b-569c-41a4-9447-80fd7156f7fe,DEN: WEDNESDAY PM,524dd0c2-5580-47c3-9fa8-0b201ccffa1d,4d12a24b-569c-41a4-9447-80fd7156f7fe,4,14:00:00,6,11:00:00,6,14:00:00,4,05:00:00,4,20:00:00,9da947fe-5a46-424f-b328-e9414c197a32,5.99,,Bringg,1000,FALSE,TRUE,2,,christmas-window-exceptions-2022
1099ad9f-8ae8-4f32-92c6-16fe85d93072,91a31ca6-a994-46bc-97f6-7c2c51fc292e,LAS: WEDNESDAY PM,7749bca9-34b6-4227-b507-396fc4b65684,91a31ca6-a994-46bc-97f6-7c2c51fc292e,5,15:00:00,1,12:00:00,1,15:00:00,4,05:00:00,4,21:00:00,9da947fe-5a46-424f-b328-e9414c197a32,5.99,,Bringg,1000,FALSE,TRUE,1,,christmas-window-exceptions-2022
104b7818-2787-4e95-86a6-a6976ac27bfe,30a2d623-b434-4ba5-a7b1-38d7ecd61c6d,SLC: WEDNESDAY PM,aba067c9-daab-4abc-9ac2-81e5b90f3485,30a2d623-b434-4ba5-a7b1-38d7ecd61c6d,5,14:00:00,1,11:00:00,1,14:00:00,4,05:00:00,4,20:00:00,9da947fe-5a46-424f-b328-e9414c197a32,5.99,,Bringg,1000,FALSE,TRUE,1,,christmas-window-exceptions-2022
6b39dc99-b778-4e97-bf2e-b9eda413e026,51659bfb-a6c1-43c4-a30f-533899fcbc29,PHX: WEDNESDAY PM,1a697f17-ea60-4667-b6e3-40ca990ce9b6,51659bfb-a6c1-43c4-a30f-533899fcbc29,5,14:00:00,1,11:00:00,1,15:00:00,4,05:00:00,4,21:00:00,9da947fe-5a46-424f-b328-e9414c197a32,5.99,,Bringg,1000,FALSE,TRUE,1,,christmas-window-exceptions-2022
7501eee2-0b00-431b-b46c-451d50a83497,8e3bce01-13ca-40ff-8037-191c0a9287b6,TUS: WEDNESDAY PM,f9384a4d-8cd2-4c86-bda5-773712822f3c,8e3bce01-13ca-40ff-8037-191c0a9287b6,5,14:00:00,1,11:00:00,1,15:00:00,4,05:00:00,4,21:00:00,9da947fe-5a46-424f-b328-e9414c197a32,5.99,,Bringg,1000,FALSE,TRUE,1,,christmas-window-exceptions-2022
098906eb-ee14-4f34-9f48-88644db63db0,3ba657c7-7ca3-4902-8b21-d69f8dce8f80,SBA: WEDNESDAY PM,fd9a9ed5-f423-4622-870c-8af7e68bab4c,3ba657c7-7ca3-4902-8b21-d69f8dce8f80,5,15:00:00,1,12:00:00,1,15:00:00,4,05:00:00,4,21:00:00,9da947fe-5a46-424f-b328-e9414c197a32,5.99,,Bringg,1000,FALSE,TRUE,1,,christmas-window-exceptions-2022
aa0a5fb1-c0dc-4c41-be2d-0d5db6e0a7a8,d68c3d03-d489-4fa4-8bf3-b1f16ef3be46,LAX: WEDNESDAY PM,e4ddb4a3-b495-4ce4-a95c-37907ec0be8a,b49381d8-e88d-420f-bfc7-ce679e9ea835,5,15:00:00,1,12:00:00,2,15:00:00,4,05:00:00,4,21:00:00,9da947fe-5a46-424f-b328-e9414c197a32,5.99,,Bringg,1000,FALSE,TRUE,1,,christmas-window-exceptions-2022
66d6b3b8-60ea-45eb-b986-bbd3dbb23b71,0f16a6d9-dd20-4e0f-b0bf-f9b6d75db1ae,EBY: WEDNESDAY PM LAX,74c4069d-8cc9-45ab-8014-ca51766efa9f,68ddecb0-f0f5-49f4-99a6-8e1d0a3cf575,5,15:00:00,1,12:00:00,2,15:00:00,4,05:00:00,4,21:00:00,9da947fe-5a46-424f-b328-e9414c197a32,5.99,,Bringg,1000,FALSE,TRUE,1,,christmas-window-exceptions-2022
73b33630-1c7a-47aa-bdaa-5ede8f993ddb,59593f1b-aaf8-475c-b411-71405108dcd2,DEN: THURSDAY PM,ae0aa641-46b0-4e8c-ab55-5eb2803d6765,59593f1b-aaf8-475c-b411-71405108dcd2,5,14:00:00,1,11:00:00,1,14:00:00,5,05:00:00,5,20:00:00,9da947fe-5a46-424f-b328-e9414c197a32,5.99,,Bringg,1000,FALSE,TRUE,2,,christmas-window-exceptions-2022
8beeeec9-d9af-42b7-9dce-794329b18cfd,410589e8-a96c-4d3f-a549-2e636e716eea,LAS: THURSDAY PM,e1b1b9e5-f8e8-4958-83af-a11bf649d8dd,410589e8-a96c-4d3f-a549-2e636e716eea,5,15:00:00,2,12:00:00,2,15:00:00,5,05:00:00,5,21:00:00,9da947fe-5a46-424f-b328-e9414c197a32,5.99,,Bringg,1000,FALSE,TRUE,1,,christmas-window-exceptions-2022
f08ce25e-10e0-4e8b-9fc5-d0596e0740ac,9f0bd76d-cbc4-4a61-8421-e1709e94b3f1,SLC: THURSDAY PM,f166307c-34ca-4340-86f3-375c24e02f61,9f0bd76d-cbc4-4a61-8421-e1709e94b3f1,5,14:00:00,2,11:00:00,2,14:00:00,5,05:00:00,5,20:00:00,9da947fe-5a46-424f-b328-e9414c197a32,5.99,,Bringg,1000,FALSE,TRUE,1,,christmas-window-exceptions-2022
315660f1-5296-4625-b629-5b87eb117817,f966f90d-6e95-449a-8894-f3e64e574197,PHX: THURSDAY PM,519dcc87-5059-40f3-b320-5e2b36fe129f,f966f90d-6e95-449a-8894-f3e64e574197,5,14:00:00,2,11:00:00,2,15:00:00,5,05:00:00,5,21:00:00,9da947fe-5a46-424f-b328-e9414c197a32,5.99,,Bringg,1000,FALSE,TRUE,1,,christmas-window-exceptions-2022
c69d2972-d98c-4715-a23f-3396f03840ce,2f786aff-25c0-40d4-9fcb-8bfb1f06b018,TUS: THURSDAY PM,dce7cb4b-1ae5-48e3-9858-d7b76698dac4,2f786aff-25c0-40d4-9fcb-8bfb1f06b018,5,14:00:00,2,11:00:00,2,15:00:00,5,05:00:00,5,21:00:00,9da947fe-5a46-424f-b328-e9414c197a32,5.99,,Bringg,1000,FALSE,TRUE,1,,christmas-window-exceptions-2022
49de0fc8-ca54-48f8-9571-e22c756622df,acfde559-eb07-43b9-9553-500d64a17d63,SBA: THURSDAY PM,1fd179b2-a9a3-4b93-a41e-d032db079aa0,01fd6dc3-a210-448c-8294-03f1d36cbab8,5,15:00:00,2,12:00:00,3,15:00:00,5,05:00:00,5,21:00:00,9da947fe-5a46-424f-b328-e9414c197a32,5.99,,Bringg,1000,FALSE,TRUE,1,,christmas-window-exceptions-2022
1a71da33-6b78-43dd-aafd-399713421965,71b3a579-4d11-46aa-8b3d-f3b6d780c7fe,SAT: MONDAY PM,7bd36350-ee10-4fec-8266-5493f8d4fa56,cf94b1cd-3ddd-4fc6-afb5-12820d7ae44b,4,15:00:00,6,12:00:00,0,18:00:00,2,05:00:00,2,21:00:00,c2fcd071-f479-4f68-a54d-a382bd9fa552,5.99,,Bringg,1000,FALSE,TRUE,1,,christmas-window-exceptions-2022
f5d6c34b-9f30-42cb-acb9-e3c3414a5081,f106201b-c002-4f14-a347-f5255653286a,NVA: TUESDAY PM,e31e4ddf-3759-40bc-9fda-c24245e937b7,c20a3e51-4a21-481a-9dc9-ef9336adfd8a,4,15:00:00,0,12:00:00,0,18:00:00,2,05:00:00,2,21:00:00,25729cbe-719c-4314-ab07-0fbc45d38a11,5.99,,Bringg,1000,FALSE,TRUE,1,,christmas-window-exceptions-2022
3ec17191-9ab8-4977-a294-6f1e1609f032,b4f0872c-4274-4d5a-a382-340947c93a8e,MOC: WEDNESDAY PM,21c50fd7-6430-4c13-ba2c-85c4b5cd867b,8697f4cc-e888-4f28-89b3-087d6cbcda5f,5,15:00:00,1,12:00:00,1,18:00:00,3,05:00:00,3,21:00:00,25729cbe-719c-4314-ab07-0fbc45d38a11,5.99,,Bringg,1000,FALSE,TRUE,1,,christmas-window-exceptions-2022
6a91d2de-8329-4909-84f7-308bb4c6f476,1b091aac-6e7d-4b4c-aa1b-0cc5f4d62c00,BWI: THURSDAY PM,e80f396d-8c11-476c-b6b8-69313cfc4370,1f1112d1-15ab-4c07-a11f-503645e8ccf7,1,13:00:00,2,15:00:00,2,21:00:00,4,05:00:00,4,21:00:00,25729cbe-719c-4314-ab07-0fbc45d38a11,5.99,,Bringg,1000,FALSE,TRUE,1,,christmas-window-exceptions-2022
4482193d-856b-402c-8b91-f783b6da675b,0a79fb34-7bf5-4177-8ea4-5d5438ef1526,CHI: TUESDAY PM,adc5736d-5544-493d-a90c-da8e11845a26,8ff09422-4188-463a-802c-0f7afdff707e,4,15:00:00,0,12:00:00,0,18:00:00,2,05:00:00,2,21:00:00,c059b389-ff65-4283-8edb-06ffc96193af,5.99,,Bringg,1000,FALSE,TRUE,1,,christmas-window-exceptions-2022
410df443-0b20-4b4c-8be6-5c4d92e24c1e,7671e319-9fa4-4239-a211-fb14ad922f3c,SNA: TUESDAY PM,45c2334a-819a-438a-8f6a-813ff744d5f8,44d302e2-deb0-4fe1-a801-3c6d5fa94729,4,15:00:00,0,12:00:00,0,15:00:00,2,05:00:00,2,21:00:00,9da947fe-5a46-424f-b328-e9414c197a32,5.99,,Bringg,1000,FALSE,TRUE,1,,christmas-window-exceptions-2022
0882209d-518b-4234-bddc-cfca186c0bd5,1d65830e-3d09-4f54-830e-e184e2561028,RNO: TUESDAY PM LAX,0f2525d0-c8ca-476a-96db-3dbab47e2d5d,f5bec5e3-007e-49c1-b344-6a882c562635,4,15:00:00,0,12:00:00,0,15:00:00,2,05:00:00,2,21:00:00,9da947fe-5a46-424f-b328-e9414c197a32,5.99,,Bringg,1000,FALSE,TRUE,1,,christmas-window-exceptions-2022
6b8c5951-2bb6-4b3a-b90b-6ccf6abd3f2d,564ce51d-9032-4585-9034-8be3523cf497,SAC: TUESDAY PM LAX,97f8310e-449d-40e8-9a69-47d6b41568c3,a3374a93-76af-4090-bef3-e2913ce881ff,4,15:00:00,0,12:00:00,0,15:00:00,2,05:00:00,2,21:00:00,9da947fe-5a46-424f-b328-e9414c197a32,5.99,,Bringg,1000,FALSE,TRUE,1,,christmas-window-exceptions-2022
de3a8dd4-10f7-431a-9f35-9f03d9d02779,f1ff0d39-426b-4449-a2b6-5fa33961a01c,SAN: TUESDAY PM,39faef92-dfea-4050-886f-308a5525ab67,e4c59fd0-f64c-42cb-8dfb-bed937651a25,4,15:00:00,0,12:00:00,0,15:00:00,2,05:00:00,2,21:00:00,9da947fe-5a46-424f-b328-e9414c197a32,5.99,,Bringg,1000,FALSE,TRUE,1,,christmas-window-exceptions-2022
4ce8e048-0913-4b51-bdaf-1e0f72078940,aa376b4c-64ee-467b-b54d-a82872d867e2,SFO: TUESDAY PM LAX,045f1c14-a969-4670-ba55-d74f0bfd7707,f7cb92de-d15b-46be-a5ca-6bfa9b8316e1,4,15:00:00,0,12:00:00,0,15:00:00,2,05:00:00,2,21:00:00,9da947fe-5a46-424f-b328-e9414c197a32,5.99,,Bringg,1000,FALSE,TRUE,1,,christmas-window-exceptions-2022
5bac7078-a510-4c7e-9859-d04b69574ab6,f2fb7465-afce-44df-8a35-e4eea4407aaa,NBY: TUESDAY PM LAX,7a5378fd-9cfd-488d-95e6-4a4727ca74a6,e67c1cef-fa90-4733-94eb-270b3b8b003f,4,15:00:00,0,12:00:00,0,15:00:00,2,05:00:00,2,21:00:00,9da947fe-5a46-424f-b328-e9414c197a32,5.99,,Bringg,1000,FALSE,TRUE,1,,christmas-window-exceptions-2022
32884f04-43fe-419f-bdda-fb31b21b19f6,bfd5e2a2-e78e-4e74-a4f5-5018db3df5f2,SBY: WEDNESDAY PM,11750ece-3568-464e-8b7f-abcd1bd1e238,33687397-e353-4ca2-9386-f7d04f223ffc,5,15:00:00,1,12:00:00,1,15:00:00,3,05:00:00,3,21:00:00,9da947fe-5a46-424f-b328-e9414c197a32,5.99,,Bringg,1000,FALSE,TRUE,1,,christmas-window-exceptions-2022
da7e2ec3-0fa1-4ce9-a404-d77ba870bb11,be433287-38e0-4506-a03c-733b661b0ed4,LAX: THURSDAY PM,2d44b537-67fc-4c38-a81d-2aa566e723f6,b49381d8-e88d-420f-bfc7-ce679e9ea835,5,15:00:00,2,12:00:00,2,15:00:00,4,05:00:00,4,21:00:00,9da947fe-5a46-424f-b328-e9414c197a32,5.99,,Bringg,1000,FALSE,TRUE,1,,christmas-window-exceptions-2022
a2e3cf94-0599-4f63-b4bb-044122fa9618,e95f3758-dffe-410a-8e79-a231a514e9b7,EBY: THURSDAY PM LAX,07107351-36f0-472b-9d56-48639348b77d,68ddecb0-f0f5-49f4-99a6-8e1d0a3cf575,5,15:00:00,2,12:00:00,2,15:00:00,4,05:00:00,4,21:00:00,9da947fe-5a46-424f-b328-e9414c197a32,5.99,,Bringg,1000,FALSE,TRUE,1,,christmas-window-exceptions-2022
3121c957-cfa1-4996-b065-9b968ac062cb,5e9eecf8-a581-4077-a485-20c82f4a77b7,SBA: FRIDAY PM,8888f7af-2824-4d3e-8aa1-ef121d5cad81,01fd6dc3-a210-448c-8294-03f1d36cbab8,6,15:00:00,3,12:00:00,3,15:00:00,5,05:00:00,5,21:00:00,9da947fe-5a46-424f-b328-e9414c197a32,5.99,,Bringg,1000,FALSE,TRUE,1,,christmas-window-exceptions-2022
6c3bded8-9e97-4744-86e7-5c9c87bcbbf8,bd802be4-50c8-42f3-8558-f1b3fd14ed91,SAT: TUESDAY PM,9f244b9d-6641-4b4b-97e3-9e45b2708314,cf94b1cd-3ddd-4fc6-afb5-12820d7ae44b,4,15:00:00,0,12:00:00,0,18:00:00,2,05:00:00,2,21:00:00,c2fcd071-f479-4f68-a54d-a382bd9fa552,5.99,,Bringg,1000,FALSE,TRUE,1,,christmas-window-exceptions-2022
41a66bac-422b-4411-b7d2-637cfb2ae02c,a1668dfb-c0a2-47de-ab17-2c4445a01934,BLI: Employee Warehouse Pick Up,f48f39cb-fd41-4206-9621-8ccded9d3cd3,a1668dfb-c0a2-47de-ab17-2c4445a01934,4,15:00:00,6,12:00:00,6,18:00:00,2,05:00:00,2,21:00:00,62759d07-dda5-4e5e-a0b9-fce960493522,0,,PickUp,1000,FALSE,TRUE,1,,christmas-window-exceptions-2022
d8b59966-0894-4457-b294-0179787d7f4d,5bde7ccc-173a-44a0-b290-88dbf142d077,PDX: Employee Warehouse Pick Up,e4e106cf-33c8-4c56-aca2-f9d02cd7a757,5bde7ccc-173a-44a0-b290-88dbf142d077,4,15:00:00,6,12:00:00,6,18:00:00,2,05:00:00,2,21:00:00,62759d07-dda5-4e5e-a0b9-fce960493522,0,,PickUp,1000,FALSE,TRUE,1,,christmas-window-exceptions-2022
7dd21c4c-4c41-4b62-b006-6fe0cb899d1a,354d7dca-bb36-4b64-bee6-e54163af72c5,SEA: Employee Warehouse Pick Up,d8cb40e9-2f1c-4225-92ff-9a18a061e2da,354d7dca-bb36-4b64-bee6-e54163af72c5,4,15:00:00,6,12:00:00,6,18:00:00,2,05:00:00,2,21:00:00,62759d07-dda5-4e5e-a0b9-fce960493522,0,,PickUp,1000,FALSE,TRUE,1,,christmas-window-exceptions-2022
87cde284-0269-4feb-8464-e804fb47d321,9f7b249d-067e-4449-8603-d56ec71f687f,BWI: Employee Warehouse Pick Up,7dcf2ec6-4874-473f-aed3-048143280de8,9f7b249d-067e-4449-8603-d56ec71f687f,4,15:00:00,6,12:00:00,6,18:00:00,2,05:00:00,2,21:00:00,25729cbe-719c-4314-ab07-0fbc45d38a11,0,,PickUp,1000,FALSE,TRUE,1,,christmas-window-exceptions-2022
3225c6e7-fb44-4d3b-b338-4a7d65c9ec0e,ebf2b9af-6d56-4989-8ff7-cb03ef0a90d9,SPK: Employee Warehouse Pick Up,b77a941c-09a4-4d68-a690-a5cc02400460,ebf2b9af-6d56-4989-8ff7-cb03ef0a90d9,4,15:00:00,0,12:00:00,0,18:00:00,3,05:00:00,3,21:00:00,62759d07-dda5-4e5e-a0b9-fce960493522,0,,PickUp,1000,FALSE,TRUE,1,,christmas-window-exceptions-2022
3270e6bc-6da1-433f-b81e-85d06bdecbd6,70ae14e8-292a-4bc2-a1d8-37f5ddf04d72,DEN: Employee Warehouse Pick Up,bea253ed-87dc-4da4-bd0f-477fb2a4b9c0,70ae14e8-292a-4bc2-a1d8-37f5ddf04d72,4,14:00:00,6,11:00:00,6,17:00:00,3,05:00:00,3,20:00:00,9da947fe-5a46-424f-b328-e9414c197a32,0,,PickUp,1000,FALSE,TRUE,1,1,christmas-window-exceptions-2022
bece9e65-e190-4995-96fb-0e943223e502,0e3eeed0-ad8d-49eb-ac2b-c9ad2fae76bf,BOI: Employee Warehouse Pickup,7f6c0103-5569-4881-a0c9-efee7a60ed77,0e3eeed0-ad8d-49eb-ac2b-c9ad2fae76bf,5,14:00:00,1,11:00:00,1,17:00:00,5,05:00:00,5,20:00:00,62759d07-dda5-4e5e-a0b9-fce960493522,0,,PickUp,1000,FALSE,TRUE,2,,christmas-window-exceptions-2022
d9e7246a-a190-48a5-90a6-20cb9f5e6011,1dc0d882-364b-4d3d-bd94-919398aba246,OLM: Employee Warehouse Pick-Up,b9b03634-a37d-40ae-ae03-99de97344737,1dc0d882-364b-4d3d-bd94-919398aba246,1,13:00:00,2,15:00:00,2,21:00:00,5,05:00:00,5,21:00:00,62759d07-dda5-4e5e-a0b9-fce960493522,0,,PickUp,1000,FALSE,TRUE,1,,christmas-window-exceptions-2022
605c3eb6-ac05-43ef-a6e5-e505349d87ea,44e6b6be-b3fe-4872-a09a-5ff90ec69cf0,LAS: Employee Warehouse Pick Up,4c242ce4-041b-40b0-9536-1d05d07b9810,44e6b6be-b3fe-4872-a09a-5ff90ec69cf0,5,15:00:00,2,12:00:00,2,15:00:00,5,05:00:00,5,21:00:00,9da947fe-5a46-424f-b328-e9414c197a32,0,,PickUp,1000,FALSE,TRUE,1,,christmas-window-exceptions-2022
acb5bb3f-e1a7-4c43-b0ca-a74bee74e7ae,7455aca5-1825-424f-aa3c-bb2d4ade3971,SLC: Employee Warehouse Pickup,e0658909-c6e0-49e2-a612-a799686617d2,7455aca5-1825-424f-aa3c-bb2d4ade3971,5,14:00:00,2,11:00:00,2,14:00:00,5,05:00:00,5,20:00:00,9da947fe-5a46-424f-b328-e9414c197a32,0,,PickUp,1000,FALSE,TRUE,1,,christmas-window-exceptions-2022
d9bdce04-200d-4f8a-b0c4-d865cbe1120d,f79383bd-f80a-4322-8214-2a1c76284d0e,PHX: Employee Warehouse Pickup,7515a9be-360d-4a62-9444-02435ed32c37,f79383bd-f80a-4322-8214-2a1c76284d0e,5,14:00:00,2,11:00:00,2,15:00:00,5,05:00:00,5,21:00:00,9da947fe-5a46-424f-b328-e9414c197a32,0,,PickUp,1000,FALSE,TRUE,1,,christmas-window-exceptions-2022
82928dc1-fd2a-4016-9a45-ea65c5de37c8,7ba43a1c-8d68-4b2f-8791-f5778e6ace73,HAR: Employee Warehouse Pick Up,2b8799e5-cd89-48b5-bcf8-dd6ce506c48b,7ba43a1c-8d68-4b2f-8791-f5778e6ace73,4,15:00:00,0,12:00:00,0,18:00:00,3,05:00:00,3,21:00:00,25729cbe-719c-4314-ab07-0fbc45d38a11,0,,PickUp,1000,FALSE,TRUE,1,,christmas-window-exceptions-2022
4e707579-05e7-4443-96be-0272c7e5b773,703332e4-b39c-424f-9680-b925514a0438,NVA: Employee Warehouse Pick Up,978bfb4e-1637-49a9-abca-2ffc7950b5d7,703332e4-b39c-424f-9680-b925514a0438,4,15:00:00,0,12:00:00,0,18:00:00,3,05:00:00,3,21:00:00,25729cbe-719c-4314-ab07-0fbc45d38a11,0,,PickUp,1000,FALSE,TRUE,1,,christmas-window-exceptions-2022
8442a5c5-3493-47f1-9d00-e0a790296261,15522e8f-d228-4d80-aa04-99b844748db0,EWR: Employee Warehouse Pick Up,93cffac8-fc6c-4cc1-867b-66afe92214ff,15522e8f-d228-4d80-aa04-99b844748db0,4,15:00:00,6,12:00:00,6,18:00:00,3,05:00:00,3,21:00:00,25729cbe-719c-4314-ab07-0fbc45d38a11,0,,PickUp,1000,FALSE,TRUE,1,,christmas-window-exceptions-2022
b686fa2d-e3c1-4933-a67b-a1b4b8c11259,56c677e8-d742-4e11-9319-2217422467c2,MOC: Employee Warehouse Pick Up,e9683d0d-9881-4a57-a94c-362db6633f3a,56c677e8-d742-4e11-9319-2217422467c2,1,13:00:00,3,12:00:00,3,18:00:00,3,05:00:00,3,21:00:00,25729cbe-719c-4314-ab07-0fbc45d38a11,0,,PickUp,1000,FALSE,TRUE,1,,christmas-window-exceptions-2022
3611b779-4f40-4f9e-a47b-063855a3ad60,350f1bed-0e33-46ee-a9d6-589708ed957d,BOS: Employee Warehouse Pick Up,2c5f0456-760f-4b09-b82d-16ba00b420be,350f1bed-0e33-46ee-a9d6-589708ed957d,4,15:00:00,0,12:00:00,0,18:00:00,3,05:00:00,3,21:00:00,25729cbe-719c-4314-ab07-0fbc45d38a11,0,,PickUp,1000,FALSE,TRUE,1,,christmas-window-exceptions-2022
f828c6b4-f54d-4d82-a0f8-d59d2070e73b,e684a0b9-4b0f-44e7-847d-d03123046962,BLI: MONDAY PM,2caf2ba8-9816-47f4-8878-5a0d8a7e098a,e684a0b9-4b0f-44e7-847d-d03123046962,4,15:00:00,6,12:00:00,6,18:00:00,2,05:00:00,2,21:00:00,62759d07-dda5-4e5e-a0b9-fce960493522,5.99,,Bringg,1000,FALSE,TRUE,1,,new-years-window-exceptions-2022
7a182ad1-d26b-4b87-b5c1-7b385bf30b9f,5a91624a-61ea-48c8-8fe0-61a9cdd95113,BDN: MONDAY PM,c776f9bf-8872-400c-af4d-6989f9c13283,5a91624a-61ea-48c8-8fe0-61a9cdd95113,4,15:00:00,6,12:00:00,6,18:00:00,2,05:00:00,2,21:00:00,62759d07-dda5-4e5e-a0b9-fce960493522,5.99,,Bringg,1000,FALSE,TRUE,1,,new-years-window-exceptions-2022
5abe3c19-d5ca-4305-b723-94593cdeee93,61b4aeb5-730b-467e-97e3-7d3a0dc60ad0,BOI: MONDAY PM,421de572-a55b-4834-bc7e-0e664e181ff3,61b4aeb5-730b-467e-97e3-7d3a0dc60ad0,4,14:00:00,6,11:00:00,6,17:00:00,2,05:00:00,2,20:00:00,62759d07-dda5-4e5e-a0b9-fce960493522,5.99,,Bringg,1000,FALSE,TRUE,1,,new-years-window-exceptions-2022
3ee9e21e-0910-4220-946d-be110b6c087e,a5a3ad27-fdbc-4bee-bdfe-a95e45470795,EUG: MONDAY PM,1cb5c9b7-f739-441f-8c88-8257a5e774a1,a5a3ad27-fdbc-4bee-bdfe-a95e45470795,4,15:00:00,6,12:00:00,6,18:00:00,2,05:00:00,2,21:00:00,62759d07-dda5-4e5e-a0b9-fce960493522,5.99,,Bringg,1000,FALSE,TRUE,1,,new-years-window-exceptions-2022
cc5b36cd-8fa8-407e-96f8-b1a534b002f5,8ad3a55f-db6e-40cc-84d6-bed31c630594,OLM: MONDAY PM,0c45317f-a124-4316-882b-a313f1061258,8ad3a55f-db6e-40cc-84d6-bed31c630594,4,15:00:00,6,12:00:00,6,18:00:00,2,05:00:00,2,21:00:00,62759d07-dda5-4e5e-a0b9-fce960493522,5.99,,Bringg,1000,FALSE,TRUE,1,,new-years-window-exceptions-2022
256df303-a953-49e6-83ac-12dfe1fe7bbe,809168bd-e140-40d7-a68a-d987dfed93b8,PDX: MONDAY PM,662685fb-b59e-4253-8dec-5da9c4c6dd3d,809168bd-e140-40d7-a68a-d987dfed93b8,4,15:00:00,6,12:00:00,6,18:00:00,2,05:00:00,2,21:00:00,62759d07-dda5-4e5e-a0b9-fce960493522,5.99,,Bringg,1000,FALSE,TRUE,1,,new-years-window-exceptions-2022
b1c4ffc7-d1b7-480c-9ba2-51bb97516f89,7153b1ce-6ad2-42d7-aab6-f8fad70d294d,SEA: MONDAY PM,e6565e13-81fb-4be4-87cb-1f8f812af731,7153b1ce-6ad2-42d7-aab6-f8fad70d294d,4,15:00:00,6,12:00:00,6,18:00:00,2,05:00:00,2,21:00:00,62759d07-dda5-4e5e-a0b9-fce960493522,5.99,,Bringg,1000,FALSE,TRUE,1,,new-years-window-exceptions-2022
dc1c70cb-a561-4581-b6a9-581557245af2,7a1d9ceb-2b8f-447f-91a8-a9c4ccaea5a0,SPK: MONDAY PM,999afc79-f34f-4b50-9765-cdd23a147d02,7a1d9ceb-2b8f-447f-91a8-a9c4ccaea5a0,4,15:00:00,6,12:00:00,6,18:00:00,2,05:00:00,2,21:00:00,62759d07-dda5-4e5e-a0b9-fce960493522,5.99,,Bringg,1000,FALSE,TRUE,1,,new-years-window-exceptions-2022
963cbf0b-224d-488c-b4f7-efc200a65ca2,5320ed06-71b2-4215-95af-27b4e426a45e,BLI: TUESDAY PM,f2aed100-8dca-487d-8323-ae9c57cc9e16,5320ed06-71b2-4215-95af-27b4e426a45e,4,15:00:00,0,12:00:00,0,18:00:00,3,05:00:00,3,21:00:00,62759d07-dda5-4e5e-a0b9-fce960493522,5.99,,Bringg,1000,FALSE,TRUE,1,,new-years-window-exceptions-2022
799414d7-6757-4448-8181-95c6df2e124a,203636c8-ef2c-40e3-a0e5-edf13a4ee3d6,BDN: TUESDAY PM,0caf84c0-27e2-4209-abd8-f0c7f5aa165e,203636c8-ef2c-40e3-a0e5-edf13a4ee3d6,4,15:00:00,0,12:00:00,0,18:00:00,3,05:00:00,3,21:00:00,62759d07-dda5-4e5e-a0b9-fce960493522,5.99,,Bringg,1000,FALSE,TRUE,1,,new-years-window-exceptions-2022
7e8ef2f8-a268-4d58-8e67-6caeef904022,99328fa5-c34b-449a-bf06-04946ca74ea3,BOI: TUESDAY PM,e04c9c3c-7368-4079-8978-e3d7f18cccd8,99328fa5-c34b-449a-bf06-04946ca74ea3,4,14:00:00,6,11:00:00,6,17:00:00,3,05:00:00,3,20:00:00,62759d07-dda5-4e5e-a0b9-fce960493522,5.99,,Bringg,1000,FALSE,TRUE,2,,new-years-window-exceptions-2022
b9a3bd70-2f24-4c71-b7a5-8fb878a567db,4710ac75-70f7-45c3-99f4-adf450179be0,EUG: TUESDAY PM,5be09110-9b04-4d7b-bc3a-8a259d5eac67,4710ac75-70f7-45c3-99f4-adf450179be0,4,15:00:00,0,12:00:00,0,18:00:00,3,05:00:00,3,21:00:00,62759d07-dda5-4e5e-a0b9-fce960493522,5.99,,Bringg,1000,FALSE,TRUE,1,,new-years-window-exceptions-2022
430eb096-a043-4d63-a052-6d463b8f0e2a,72477012-0d39-43d3-af19-b7acf92e115f,OLM: TUESDAY PM,ac3c528d-be2b-4886-8e82-de7ab20158e9,72477012-0d39-43d3-af19-b7acf92e115f,4,15:00:00,0,12:00:00,0,18:00:00,3,05:00:00,3,21:00:00,62759d07-dda5-4e5e-a0b9-fce960493522,5.99,,Bringg,1000,FALSE,TRUE,1,,new-years-window-exceptions-2022
50038150-f7ac-43c3-bed4-a5316f11e46e,54ba1cc5-5f65-4c1e-b021-2dac65ff3c7f,PDX: TUESDAY PM,84bd7c0c-e0ff-4562-916c-a991ed0eb22b,54ba1cc5-5f65-4c1e-b021-2dac65ff3c7f,4,15:00:00,0,12:00:00,0,18:00:00,3,05:00:00,3,21:00:00,62759d07-dda5-4e5e-a0b9-fce960493522,5.99,,Bringg,1000,FALSE,TRUE,1,,new-years-window-exceptions-2022
38ffc46a-021b-4969-9219-a36c5fb0fbf0,2f3aaf90-12ae-48c3-899d-2fec9a6d9761,SEA: TUESDAY PM,8e3a656d-465b-4d2d-afc7-14d062e7d012,2f3aaf90-12ae-48c3-899d-2fec9a6d9761,4,15:00:00,0,12:00:00,0,18:00:00,3,05:00:00,3,21:00:00,62759d07-dda5-4e5e-a0b9-fce960493522,5.99,,Bringg,1000,FALSE,TRUE,1,,new-years-window-exceptions-2022
adf18922-7fd0-4ef5-b518-8fb38ee887ea,8a2553b1-63eb-436c-9c99-0e2fcca775b3,SPK: TUESDAY PM,77630d44-9eee-45a1-aa71-a533f5305075,8a2553b1-63eb-436c-9c99-0e2fcca775b3,4,15:00:00,0,12:00:00,0,18:00:00,3,05:00:00,3,21:00:00,62759d07-dda5-4e5e-a0b9-fce960493522,5.99,,Bringg,1000,FALSE,TRUE,1,,new-years-window-exceptions-2022
932b79f8-40e1-4523-8065-c22e0c5623fb,bded7ac9-3a69-4a5a-afac-b5095cc46f58,BLI: WEDNESDAY PM,4005d781-6534-4760-aa57-b44d49af3c4d,bded7ac9-3a69-4a5a-afac-b5095cc46f58,5,15:00:00,1,12:00:00,1,18:00:00,4,05:00:00,4,21:00:00,62759d07-dda5-4e5e-a0b9-fce960493522,5.99,,Bringg,1000,FALSE,TRUE,1,,new-years-window-exceptions-2022
0d5296b2-2b7b-48ee-8960-905b793caba3,215c70a2-2715-470c-ad71-faf1e354baa8,BDN: WEDNESDAY PM,719f7c73-ba0a-4bc8-a0d0-ba0021edfe86,215c70a2-2715-470c-ad71-faf1e354baa8,5,15:00:00,1,12:00:00,1,18:00:00,4,05:00:00,4,21:00:00,62759d07-dda5-4e5e-a0b9-fce960493522,5.99,,Bringg,1000,FALSE,TRUE,1,,new-years-window-exceptions-2022
d59452a6-e799-49a4-a622-84cfeaa3becb,dfa5eb33-19c1-430f-839f-07e6cde493c8,BOI: WEDNESDAY PM,d7ee0dcc-7b7f-460a-969e-00e8fc534ac5,dfa5eb33-19c1-430f-839f-07e6cde493c8,5,14:00:00,1,11:00:00,1,17:00:00,4,05:00:00,4,20:00:00,62759d07-dda5-4e5e-a0b9-fce960493522,5.99,,Bringg,1000,FALSE,TRUE,1,,new-years-window-exceptions-2022
3f136629-a933-40d9-ac32-d351b4a9e128,b371e3ec-533f-4931-ae5c-ddb9e29ff53d,EUG: WEDNESDAY PM,f03fb6c7-b272-444f-93ea-814cd84004dc,b371e3ec-533f-4931-ae5c-ddb9e29ff53d,5,15:00:00,1,12:00:00,1,18:00:00,4,05:00:00,4,21:00:00,62759d07-dda5-4e5e-a0b9-fce960493522,5.99,,Bringg,1000,FALSE,TRUE,1,,new-years-window-exceptions-2022
74548c37-f085-43a5-b85d-f342533747bb,46782f0f-ba55-4089-9d08-3a2dedc73dc6,OLM: WEDNESDAY PM,255c6984-1562-47e4-b693-fb974db246a1,46782f0f-ba55-4089-9d08-3a2dedc73dc6,5,15:00:00,1,12:00:00,1,18:00:00,4,05:00:00,4,21:00:00,62759d07-dda5-4e5e-a0b9-fce960493522,5.99,,Bringg,1000,FALSE,TRUE,1,,new-years-window-exceptions-2022
96b2a2b2-d24e-4b3b-933e-f38851668a39,84e03d9b-7b67-4a8b-910d-72c7e1da6097,PDX: WEDNESDAY PM,35caa439-8c28-4e9c-9547-70b6bad459e4,84e03d9b-7b67-4a8b-910d-72c7e1da6097,5,15:00:00,1,12:00:00,1,18:00:00,4,05:00:00,4,21:00:00,62759d07-dda5-4e5e-a0b9-fce960493522,5.99,,Bringg,1000,FALSE,TRUE,1,,new-years-window-exceptions-2022
6c486673-70a3-4c86-93e4-f83266c102e1,d1173b22-06ae-49ab-b45c-1bfed0332a3f,SEA: WEDNESDAY PM,24ae7130-249d-4eef-9052-17547e7a25ea,d1173b22-06ae-49ab-b45c-1bfed0332a3f,5,15:00:00,1,12:00:00,1,18:00:00,4,05:00:00,4,21:00:00,62759d07-dda5-4e5e-a0b9-fce960493522,5.99,,Bringg,1000,FALSE,TRUE,1,,new-years-window-exceptions-2022
6ea46e65-182f-4dcc-ab1c-c751c8293130,a7021277-2170-479d-8bce-4732d95b0baa,SPK: WEDNESDAY PM,f678d2a4-738a-4807-a9de-fa3328cb8624,a7021277-2170-479d-8bce-4732d95b0baa,5,15:00:00,1,12:00:00,1,18:00:00,4,05:00:00,4,21:00:00,62759d07-dda5-4e5e-a0b9-fce960493522,5.99,,Bringg,1000,FALSE,TRUE,1,,new-years-window-exceptions-2022
33b8726b-29d5-4a36-b6b7-24cec4c16212,6a30695d-c456-4dd0-995a-510eb97239c0,BLI: THURSDAY PM,2a39c105-d625-4015-9d48-4efa2027e43e,6a30695d-c456-4dd0-995a-510eb97239c0,1,13:00:00,2,15:00:00,2,21:00:00,5,05:00:00,5,21:00:00,62759d07-dda5-4e5e-a0b9-fce960493522,5.99,,Bringg,1000,FALSE,TRUE,1,,new-years-window-exceptions-2022
a5a1ea5a-b7e2-4055-a64b-86c3766b11fb,6045937b-2b87-4d21-9711-374a8b599736,BDN: THURSDAY PM,79f90368-8899-4336-8b74-dc374e3a2e37,6045937b-2b87-4d21-9711-374a8b599736,1,13:00:00,2,15:00:00,2,21:00:00,5,05:00:00,5,21:00:00,62759d07-dda5-4e5e-a0b9-fce960493522,5.99,,Bringg,1000,FALSE,TRUE,1,,new-years-window-exceptions-2022
a1df03a8-b175-484e-a09a-ce9c3b17e012,c6036be2-2011-470b-b709-0ad609afc2b3,BOI: THURSDAY PM,fa8586e0-9286-45de-a81c-ce5f6e8b812c,c6036be2-2011-470b-b709-0ad609afc2b3,5,14:00:00,1,11:00:00,1,17:00:00,5,05:00:00,5,20:00:00,62759d07-dda5-4e5e-a0b9-fce960493522,5.99,,Bringg,1000,FALSE,TRUE,2,,new-years-window-exceptions-2022
a255969a-8336-4033-9fac-dcc6fdaa8f9d,420076fe-2e4a-4837-a15c-d016dea89247,EUG: THURSDAY PM,66bc2def-35a3-48ef-9775-2f75b8b8063b,420076fe-2e4a-4837-a15c-d016dea89247,1,13:00:00,2,15:00:00,2,21:00:00,5,05:00:00,5,21:00:00,62759d07-dda5-4e5e-a0b9-fce960493522,5.99,,Bringg,1000,FALSE,TRUE,1,,new-years-window-exceptions-2022
d4ba34e7-346a-4114-b359-2cddf0e32961,8b9ac3b7-b798-4117-b5d0-470b5c3640b1,OLM: THURSDAY PM,70fdaa98-9ba7-442d-a1cd-eba1ae130f0a,8b9ac3b7-b798-4117-b5d0-470b5c3640b1,1,13:00:00,2,15:00:00,2,21:00:00,5,05:00:00,5,21:00:00,62759d07-dda5-4e5e-a0b9-fce960493522,5.99,,Bringg,1000,FALSE,TRUE,1,,new-years-window-exceptions-2022
cd564b4c-419c-4af1-8b39-32743663d14e,0b58b1f2-b858-4607-bcad-83d7cf13fd91,PDX: THURSDAY PM,0f3a7cc0-9779-40de-9b4c-f5aa054b251f,0b58b1f2-b858-4607-bcad-83d7cf13fd91,1,13:00:00,2,15:00:00,2,21:00:00,5,05:00:00,5,21:00:00,62759d07-dda5-4e5e-a0b9-fce960493522,5.99,,Bringg,1000,FALSE,TRUE,1,,new-years-window-exceptions-2022
38ebca8e-6bc8-4d6a-abdc-0817cc79ac08,b013d3d2-16ff-450f-bd7d-cae53fe77f79,SEA: THURSDAY PM,f18c6233-1c33-4098-9e6d-f9f9b7b23527,b013d3d2-16ff-450f-bd7d-cae53fe77f79,1,13:00:00,2,15:00:00,2,21:00:00,5,05:00:00,5,21:00:00,62759d07-dda5-4e5e-a0b9-fce960493522,5.99,,Bringg,1000,FALSE,TRUE,1,,new-years-window-exceptions-2022
9764c226-d3fb-4ca6-9498-7788fd1e2071,177fc982-b57d-4c51-8973-dc02137686e1,SPK: THURSDAY PM,88abd36a-e7c0-487f-97e1-10c7e7dfd46a,177fc982-b57d-4c51-8973-dc02137686e1,1,13:00:00,2,15:00:00,2,21:00:00,5,05:00:00,5,21:00:00,62759d07-dda5-4e5e-a0b9-fce960493522,5.99,,Bringg,1000,FALSE,TRUE,1,,new-years-window-exceptions-2022
350a4688-0294-41ed-b824-68fb76d0fff8,a43e5acc-2a91-4826-80a9-05cd666369da,MOC: MONDAY PM,5fcf3c8d-15c0-4330-b8e3-404c5d3ccfda,a43e5acc-2a91-4826-80a9-05cd666369da,4,15:00:00,6,12:00:00,6,18:00:00,2,05:00:00,2,21:00:00,25729cbe-719c-4314-ab07-0fbc45d38a11,5.99,,Bringg,1000,FALSE,TRUE,1,,new-years-window-exceptions-2022
a66e8a6b-e1b6-46ec-9366-22083f19bc74,0b5a39d7-b625-41aa-8ee0-44a4d8722bc1,BWI: MONDAY PM,8d4d8eef-94e4-4b37-be44-dc8a9ac9231a,0b5a39d7-b625-41aa-8ee0-44a4d8722bc1,4,15:00:00,6,12:00:00,6,18:00:00,2,05:00:00,2,21:00:00,25729cbe-719c-4314-ab07-0fbc45d38a11,5.99,,Bringg,1000,FALSE,TRUE,1,,new-years-window-exceptions-2022
e12263ec-2b4a-432b-9783-c6cea373ee6c,7d7a2fc1-01db-4f07-b3ad-59e0d77cc10b,BRX: MONDAY PM,2e308813-c46a-4a1f-9a93-a8196a800175,7d7a2fc1-01db-4f07-b3ad-59e0d77cc10b,4,15:00:00,6,12:00:00,6,18:00:00,2,05:00:00,2,21:00:00,25729cbe-719c-4314-ab07-0fbc45d38a11,5.99,,Bringg,1000,FALSE,TRUE,1,,new-years-window-exceptions-2022
09fd7c48-84f6-469a-beeb-a730922efbbc,a0dc1d3e-5948-4ad2-9131-71d29c6c3d17,LIM: MONDAY,b1eb8669-5b50-4933-8397-8ab939379068,a0dc1d3e-5948-4ad2-9131-71d29c6c3d17,4,15:00:00,6,12:00:00,6,18:00:00,2,05:00:00,2,21:00:00,25729cbe-719c-4314-ab07-0fbc45d38a11,5.99,,Bringg,1000,FALSE,TRUE,1,,new-years-window-exceptions-2022
71d3fc78-883f-4361-9961-f1055060ca6a,3c560c07-1713-4c80-8866-2ffb74ad2487,EWR: MONDAY PM,caa3b66c-26e9-4cf0-85fa-34feb8b57e44,3c560c07-1713-4c80-8866-2ffb74ad2487,4,15:00:00,6,12:00:00,6,18:00:00,2,05:00:00,2,21:00:00,25729cbe-719c-4314-ab07-0fbc45d38a11,5.99,,Bringg,1000,FALSE,TRUE,1,,new-years-window-exceptions-2022
f8b7eb84-e552-4de9-8b7b-d8378b985183,454a6f15-58ae-4926-9fec-3e1ce34e97f9,NVA: MONDAY PM,6e0c6c4d-be04-41bb-b21d-57b29cb0daad,c20a3e51-4a21-481a-9dc9-ef9336adfd8a,4,15:00:00,6,12:00:00,0,18:00:00,2,05:00:00,2,21:00:00,25729cbe-719c-4314-ab07-0fbc45d38a11,5.99,,Bringg,1000,FALSE,TRUE,1,,new-years-window-exceptions-2022
951d445c-ea63-4b87-b335-697f9204c606,a62e6e07-f503-4d31-bb3c-685ba8697606,BWI: TUESDAY PM,344c2057-26ef-4417-b7ad-e43d09c6a1e6,a62e6e07-f503-4d31-bb3c-685ba8697606,4,15:00:00,0,12:00:00,0,18:00:00,3,05:00:00,3,21:00:00,25729cbe-719c-4314-ab07-0fbc45d38a11,5.99,,Bringg,1000,FALSE,TRUE,1,,new-years-window-exceptions-2022
3426c2fb-c9dc-4609-b0ca-a056a601b562,caa66307-4cb6-48cc-8203-24916e389fc7,BRX: TUESDAY PM,ce6e3f4c-b999-4d70-95c1-950648eaf6f6,caa66307-4cb6-48cc-8203-24916e389fc7,4,15:00:00,0,12:00:00,0,18:00:00,3,05:00:00,3,21:00:00,25729cbe-719c-4314-ab07-0fbc45d38a11,5.99,,Bringg,1000,FALSE,TRUE,1,,new-years-window-exceptions-2022
014af6b4-346e-4d70-88ad-fa4304df701c,6d3dc4e9-1a11-4e29-a918-3ccc4f8e5af1,LIM: TUESDAY,72e4c786-f98a-4d25-b634-a4295490f979,6d3dc4e9-1a11-4e29-a918-3ccc4f8e5af1,4,15:00:00,0,12:00:00,0,18:00:00,3,05:00:00,3,21:00:00,25729cbe-719c-4314-ab07-0fbc45d38a11,5.99,,Bringg,1000,FALSE,TRUE,1,,new-years-window-exceptions-2022
c7aeb972-c385-4445-af4a-7e9458d0b408,556535a1-e79e-4057-962a-bfb40e6b726c,EWR: TUESDAY PM,4afafbdf-c9e6-4717-b04d-18a767a4bc67,556535a1-e79e-4057-962a-bfb40e6b726c,4,15:00:00,0,12:00:00,0,18:00:00,3,05:00:00,3,21:00:00,25729cbe-719c-4314-ab07-0fbc45d38a11,5.99,,Bringg,1000,FALSE,TRUE,1,,new-years-window-exceptions-2022
5acdd23e-92e8-405b-91d8-d281c72796c5,7baf358c-7a57-4453-885f-024244b7e085,MOC: TUESDAY PM,abafd8ee-a82a-4e5f-9d6b-633ec51e785b,8697f4cc-e888-4f28-89b3-087d6cbcda5f,4,15:00:00,0,12:00:00,1,18:00:00,3,05:00:00,3,21:00:00,25729cbe-719c-4314-ab07-0fbc45d38a11,5.99,,Bringg,1000,FALSE,TRUE,1,,new-years-window-exceptions-2022
baf11358-e9bb-443f-8b63-e8e108bc9665,7ba06165-7dcd-4abf-a85d-54ed293ff34f,BRX: WEDNESDAY PM,4f30c964-fbfa-4733-a27f-3929d15eab36,7ba06165-7dcd-4abf-a85d-54ed293ff34f,5,15:00:00,1,12:00:00,1,18:00:00,4,05:00:00,4,21:00:00,25729cbe-719c-4314-ab07-0fbc45d38a11,5.99,,Bringg,1000,FALSE,TRUE,1,,new-years-window-exceptions-2022
8d36da6c-95ad-422b-83fa-d67a35abfe02,ebb20ef1-40b4-4f3a-b384-819bd5b5980d,LIM: WEDNESDAY,f1b593f1-0579-4c07-900a-fd8feac4767e,ebb20ef1-40b4-4f3a-b384-819bd5b5980d,5,15:00:00,1,12:00:00,1,18:00:00,4,05:00:00,4,21:00:00,25729cbe-719c-4314-ab07-0fbc45d38a11,5.99,,Bringg,1000,FALSE,TRUE,1,,new-years-window-exceptions-2022
89b4d9db-cb6c-48ff-8c5a-8220d2bcfe31,b7f9cea9-5dba-4d3e-ab2f-14072106155e,EWR: WEDNESDAY PM,fa576372-7007-4e4a-bf07-63b5443e0a6c,b7f9cea9-5dba-4d3e-ab2f-14072106155e,5,15:00:00,1,12:00:00,1,18:00:00,4,05:00:00,4,21:00:00,25729cbe-719c-4314-ab07-0fbc45d38a11,5.99,,Bringg,1000,FALSE,TRUE,1,,new-years-window-exceptions-2022
7ddd2473-3167-47ae-a492-100f87048405,fe129db3-b17f-48a1-a67c-db357c322da9,BWI: WEDNESDAY PM,ffba2dcb-42f9-42b1-b773-f163b671c99b,1f1112d1-15ab-4c07-a11f-503645e8ccf7,5,15:00:00,1,12:00:00,2,21:00:00,4,05:00:00,4,21:00:00,25729cbe-719c-4314-ab07-0fbc45d38a11,5.99,,Bringg,1000,FALSE,TRUE,1,,new-years-window-exceptions-2022
7b64c42d-6cd0-47dd-bc6b-22098565ac4d,f7496d9e-2681-4f43-a830-a3246e667352,BRX: THURSDAY PM,9c589d93-aa1a-483f-8ef4-9cb35246954a,f7496d9e-2681-4f43-a830-a3246e667352,1,13:00:00,2,15:00:00,2,21:00:00,5,05:00:00,5,21:00:00,25729cbe-719c-4314-ab07-0fbc45d38a11,5.99,,Bringg,1000,FALSE,TRUE,1,,new-years-window-exceptions-2022
2c46e668-3337-4929-bd15-95d5769103c3,513206b8-4b80-422a-8509-7809e539cdeb,LIM: THURSDAY,e8bd1a38-d8f1-481b-bd18-db8b51153703,513206b8-4b80-422a-8509-7809e539cdeb,1,13:00:00,2,15:00:00,2,21:00:00,5,05:00:00,5,21:00:00,25729cbe-719c-4314-ab07-0fbc45d38a11,5.99,,Bringg,1000,FALSE,TRUE,1,,new-years-window-exceptions-2022
b5975bc1-140f-4fd7-a8e0-70a352abe01d,37fd4319-9f53-48d2-b310-631aa57e1d5e,EWR: THURSDAY PM,fab53fe7-3aa7-473b-a802-596e7f12537e,37fd4319-9f53-48d2-b310-631aa57e1d5e,1,13:00:00,2,15:00:00,2,21:00:00,5,05:00:00,5,21:00:00,25729cbe-719c-4314-ab07-0fbc45d38a11,5.99,,Bringg,1000,FALSE,TRUE,1,,new-years-window-exceptions-2022
863f927e-b0da-4a4c-b2df-43bd6327f392,52fa935c-7062-4d05-8b7e-8ff5614e539c,CHI: MONDAY PM,357ab416-b0f4-46b3-a7c0-1c69338feb37,8ff09422-4188-463a-802c-0f7afdff707e,4,15:00:00,6,12:00:00,0,18:00:00,2,05:00:00,2,21:00:00,c059b389-ff65-4283-8edb-06ffc96193af,5.99,,Bringg,1000,FALSE,TRUE,1,,new-years-window-exceptions-2022
17cf2a65-253f-467b-9d5d-ee4764877f92,33c2c2f5-fc85-4f8f-86b0-a6eabf8519ad,DAY: MONDAY PM,b61289cf-3e96-4708-83e1-3dedcaf2d80f,33c2c2f5-fc85-4f8f-86b0-a6eabf8519ad,4,14:00:00,6,11:00:00,6,17:00:00,2,05:00:00,2,20:00:00,c059b389-ff65-4283-8edb-06ffc96193af,5.99,,Bringg,1000,FALSE,TRUE,1,,new-years-window-exceptions-2022
0959b963-a82a-4e8f-a1f6-5217300e202d,ed333e3c-d145-4c40-959e-32bf2bd9dac1,IND: MONDAY PM,d2e80c12-97b1-4996-9b96-de508b82edbf,ed333e3c-d145-4c40-959e-32bf2bd9dac1,4,14:00:00,6,11:00:00,6,17:00:00,2,05:00:00,2,20:00:00,c059b389-ff65-4283-8edb-06ffc96193af,5.99,,Bringg,1000,FALSE,TRUE,1,,new-years-window-exceptions-2022
845818ba-b18f-44ed-8ae6-9e8a283e12f3,d54a502a-639f-4d0c-8c9c-a0520537f596,LOU: MONDAY PM,a8e0e7c9-7bf0-4089-a5bc-0f454991ec6f,d54a502a-639f-4d0c-8c9c-a0520537f596,4,14:00:00,6,11:00:00,6,17:00:00,2,05:00:00,2,20:00:00,c059b389-ff65-4283-8edb-06ffc96193af,5.99,,Bringg,1000,FALSE,TRUE,1,,new-years-window-exceptions-2022
c2ad8cbf-4e3f-4e76-992d-eb9a303168eb,09beb073-e11e-49a0-9e8d-0b640317dad5,MSN: MONDAY PM,a1c6e14f-38b2-4869-acb0-ca49b1c15da4,09beb073-e11e-49a0-9e8d-0b640317dad5,4,15:00:00,6,12:00:00,6,18:00:00,2,05:00:00,2,21:00:00,c059b389-ff65-4283-8edb-06ffc96193af,5.99,,Bringg,1000,FALSE,TRUE,1,,new-years-window-exceptions-2022
ca4ad9a2-7364-4c95-9aa7-441e050d4f3d,5115c018-4299-4fa3-9f65-f75e34e2db55,MKE: MONDAY PM,0dea8204-a9c4-4968-b5c3-1cdd6a00dc45,5115c018-4299-4fa3-9f65-f75e34e2db55,4,15:00:00,6,12:00:00,6,18:00:00,2,05:00:00,2,21:00:00,c059b389-ff65-4283-8edb-06ffc96193af,5.99,,Bringg,1000,FALSE,TRUE,1,,new-years-window-exceptions-2022
dbe934c6-5b94-4a60-8f05-9859f98fabf3,1b572488-cdca-4732-ac30-2f54c49a042c,MSP: MONDAY PM,948d23d6-36d1-4fab-9bac-7638097158f7,1b572488-cdca-4732-ac30-2f54c49a042c,4,15:00:00,6,12:00:00,6,18:00:00,2,05:00:00,2,21:00:00,c059b389-ff65-4283-8edb-06ffc96193af,5.99,,Bringg,1000,FALSE,TRUE,1,,new-years-window-exceptions-2022
b25d9d60-8f8a-4f11-bc6d-42ed8a3899d7,2a53a587-da2c-45fe-8a1c-099db6441313,BNA: MONDAY PM,8a1d2716-3b36-44fd-b4f9-126f715bad21,2a53a587-da2c-45fe-8a1c-099db6441313,4,15:00:00,6,12:00:00,6,18:00:00,2,05:00:00,2,21:00:00,c059b389-ff65-4283-8edb-06ffc96193af,5.99,,Bringg,1000,FALSE,TRUE,1,,new-years-window-exceptions-2022
bd14eafa-0486-4a0c-aeac-2b4021c72c9d,64eecab1-de5c-4cb7-8e5a-a83efc194b8a,DAY: TUESDAY PM,69ab2b95-0650-4bc1-889d-9c4e17b03fe0,64eecab1-de5c-4cb7-8e5a-a83efc194b8a,4,14:00:00,0,11:00:00,0,17:00:00,3,05:00:00,3,20:00:00,c059b389-ff65-4283-8edb-06ffc96193af,5.99,,Bringg,1000,FALSE,TRUE,1,,new-years-window-exceptions-2022
f4a60b0d-24bc-4e6a-931c-eb78f14e9941,d3363dd4-375c-47fa-8403-0b3a52b6282d,IND: TUESDAY PM,57b4f0f3-c667-47fd-a588-a0caf473fc34,d3363dd4-375c-47fa-8403-0b3a52b6282d,4,14:00:00,0,11:00:00,0,17:00:00,3,05:00:00,3,20:00:00,c059b389-ff65-4283-8edb-06ffc96193af,5.99,,Bringg,1000,FALSE,TRUE,1,,new-years-window-exceptions-2022
b60137aa-c315-449b-9ab6-9b88233debcf,8715c6de-c48b-4c1d-86f8-bc76c615ac00,LOU: TUESDAY PM,fd1afbd1-7b41-4f1d-8dd6-58143aed8de4,8715c6de-c48b-4c1d-86f8-bc76c615ac00,4,14:00:00,0,11:00:00,0,17:00:00,3,05:00:00,3,20:00:00,c059b389-ff65-4283-8edb-06ffc96193af,5.99,,Bringg,1000,FALSE,TRUE,1,,new-years-window-exceptions-2022
46e04224-a568-4c91-be74-83fccc75e80c,8f790b0f-2bc4-44c0-981f-b8bd70a90c1a,MSN: TUESDAY PM,44b9320f-5e6e-4328-856d-722683a76e48,8f790b0f-2bc4-44c0-981f-b8bd70a90c1a,4,15:00:00,0,12:00:00,0,18:00:00,3,05:00:00,3,21:00:00,c059b389-ff65-4283-8edb-06ffc96193af,5.99,,Bringg,1000,FALSE,TRUE,1,,new-years-window-exceptions-2022
001dc390-909e-49b2-a12c-87850d476daa,88431f27-bb91-4188-b82e-f2a8fe224502,MKE: TUESDAY PM,03fe4874-dc55-47d0-ad5f-9e5adf85f48e,88431f27-bb91-4188-b82e-f2a8fe224502,4,15:00:00,0,12:00:00,0,18:00:00,3,05:00:00,3,21:00:00,c059b389-ff65-4283-8edb-06ffc96193af,5.99,,Bringg,1000,FALSE,TRUE,1,,new-years-window-exceptions-2022
0975482e-d7be-45a6-a35b-3df27ab57493,b367bf19-8f8a-4700-b0d6-dee55be0d386,MSP: TUESDAY PM,89dc9d01-c648-4a49-8645-36cad0ec32fd,b367bf19-8f8a-4700-b0d6-dee55be0d386,4,15:00:00,0,12:00:00,0,18:00:00,3,05:00:00,3,21:00:00,c059b389-ff65-4283-8edb-06ffc96193af,5.99,,Bringg,1000,FALSE,TRUE,1,,new-years-window-exceptions-2022
075d9f7c-4483-40fd-9877-ec02152d5742,80b6b56c-2097-4a4e-a66e-8b5160bb48a0,BNA: TUESDAY PM,6b8a87f9-ad54-45ad-80ac-7de3de46e1d2,80b6b56c-2097-4a4e-a66e-8b5160bb48a0,4,15:00:00,0,12:00:00,0,18:00:00,3,05:00:00,3,21:00:00,c059b389-ff65-4283-8edb-06ffc96193af,5.99,,Bringg,1000,FALSE,TRUE,1,,new-years-window-exceptions-2022
7a7e2a86-dc91-44b4-8d68-ada60f0f20f6,1175aef7-e7cd-4899-8a60-56f18c72b08a,DAY: WEDNESDAY PM,a23df254-a0f5-4e0e-9acc-ef05a1fb6ae4,1175aef7-e7cd-4899-8a60-56f18c72b08a,5,14:00:00,1,11:00:00,1,17:00:00,4,05:00:00,4,20:00:00,c059b389-ff65-4283-8edb-06ffc96193af,5.99,,Bringg,1000,FALSE,TRUE,1,,new-years-window-exceptions-2022
0175cdaf-e972-44b6-ace8-cb591a2cdef8,01f65d48-1c84-4f13-a6c2-e63d8661e68d,IND: WEDNESDAY PM,4881e499-eacb-4a43-941e-0f578a84e0f6,01f65d48-1c84-4f13-a6c2-e63d8661e68d,5,14:00:00,1,11:00:00,1,17:00:00,4,05:00:00,4,20:00:00,c059b389-ff65-4283-8edb-06ffc96193af,5.99,,Bringg,1000,FALSE,TRUE,1,,new-years-window-exceptions-2022
fb76ba2c-bc7d-4e2d-a150-a28b036ef400,e192972b-91bd-4e1e-9e6e-8a2763d1f349,LOU: WEDNESDAY PM,f013afca-b5ac-4565-9a27-ecddff382e74,e192972b-91bd-4e1e-9e6e-8a2763d1f349,5,14:00:00,1,11:00:00,1,17:00:00,4,05:00:00,4,20:00:00,c059b389-ff65-4283-8edb-06ffc96193af,5.99,,Bringg,1000,FALSE,TRUE,1,,new-years-window-exceptions-2022
9d9023bf-90f7-4435-a6af-79764cafad53,3096692c-6773-46f1-a8e6-95530e2712b1,MSN: WEDNESDAY PM,39cfa34f-615b-4823-bf3b-52ac8ef00fee,3096692c-6773-46f1-a8e6-95530e2712b1,5,15:00:00,1,12:00:00,1,18:00:00,4,05:00:00,4,21:00:00,c059b389-ff65-4283-8edb-06ffc96193af,5.99,,Bringg,1000,FALSE,TRUE,1,,new-years-window-exceptions-2022
9a348ab1-8d21-4ce7-83ac-7558adbd8329,8e9384e0-6134-4f48-a5b2-0b5c946c0dbe,MKE: WEDNESDAY PM,fd2afdbd-3292-4c8f-b3a2-8353cd17a267,8e9384e0-6134-4f48-a5b2-0b5c946c0dbe,5,15:00:00,1,12:00:00,1,18:00:00,4,05:00:00,4,21:00:00,c059b389-ff65-4283-8edb-06ffc96193af,5.99,,Bringg,1000,FALSE,TRUE,1,,new-years-window-exceptions-2022
37e0afb9-bae8-4e80-95ef-0ba1c2cd9bce,a7bfed0c-0701-4b9f-b025-fc3f0a9674fe,MSP: WEDNESDAY PM,45c43a14-d397-4ea1-844c-ca10ab161867,a7bfed0c-0701-4b9f-b025-fc3f0a9674fe,5,15:00:00,1,12:00:00,1,18:00:00,4,05:00:00,4,21:00:00,c059b389-ff65-4283-8edb-06ffc96193af,5.99,,Bringg,1000,FALSE,TRUE,1,,new-years-window-exceptions-2022
b4bfb6ac-2215-45c9-9556-8c9d04a11351,4f334ffb-16b4-43e4-8aa9-2c1cf70c06e9,BNA: WEDNESDAY PM,f68f2940-84fa-4f6d-a4b0-42402e393046,4f334ffb-16b4-43e4-8aa9-2c1cf70c06e9,5,15:00:00,1,12:00:00,1,18:00:00,4,05:00:00,4,21:00:00,c059b389-ff65-4283-8edb-06ffc96193af,5.99,,Bringg,1000,FALSE,TRUE,1,,new-years-window-exceptions-2022
0a9067fe-e243-4c35-8f97-a213f26eb41e,8dc398a2-531e-485f-ad23-4f94224d73a1,BNA: THURSDAY PM,dfe62bc2-5aac-46ca-9e97-c81eaff3512e,8dc398a2-531e-485f-ad23-4f94224d73a1,1,13:00:00,2,15:00:00,2,21:00:00,5,05:00:00,5,21:00:00,c059b389-ff65-4283-8edb-06ffc96193af,5.99,,Bringg,1000,FALSE,TRUE,1,,new-years-window-exceptions-2022
89dcbf4e-db78-4013-bc29-2770bd33a1ec,ad503420-eeaa-4ff6-a8c1-42ecf9705e80,MKE: THURSDAY PM,ccf05813-9cd1-4ff0-9be2-4fab2228c78a,ad503420-eeaa-4ff6-a8c1-42ecf9705e80,1,13:00:00,2,15:00:00,2,21:00:00,5,05:00:00,5,21:00:00,c059b389-ff65-4283-8edb-06ffc96193af,5.99,,Bringg,1000,FALSE,TRUE,1,,new-years-window-exceptions-2022
786f9695-d721-4332-8e95-b5bf7ee1e398,61927e3c-7a56-4149-bb58-4d85c9c5b6b1,MSN: THURSDAY PM,5058ae4e-cc38-447e-b226-3b8455d5aad6,61927e3c-7a56-4149-bb58-4d85c9c5b6b1,1,13:00:00,2,15:00:00,2,21:00:00,5,05:00:00,5,21:00:00,c059b389-ff65-4283-8edb-06ffc96193af,5.99,,Bringg,1000,FALSE,TRUE,1,,new-years-window-exceptions-2022
e5dbebd6-16bd-4239-aa66-2e1aa42c3c2c,a47d4bde-606f-4303-bd44-acab2b1e2a04,MSP: THURSDAY PM,a9456638-3ab2-4c5f-a819-274cd44719f7,a47d4bde-606f-4303-bd44-acab2b1e2a04,1,13:00:00,2,15:00:00,2,21:00:00,5,05:00:00,5,21:00:00,c059b389-ff65-4283-8edb-06ffc96193af,5.99,,Bringg,1000,FALSE,TRUE,1,,new-years-window-exceptions-2022
60b68572-38de-41c5-a711-18cea725e83b,fdc49817-1d9f-42eb-bb03-a81f80a5b9e1,IND: THURSDAY PM,6f076f7c-b19c-4125-81ac-995d63fd6c4c,fdc49817-1d9f-42eb-bb03-a81f80a5b9e1,1,12:00:00,2,14:00:00,2,20:00:00,5,05:00:00,5,20:00:00,c059b389-ff65-4283-8edb-06ffc96193af,5.99,,Bringg,1000,FALSE,TRUE,1,,new-years-window-exceptions-2022
b0e6bf59-5ef9-43bb-897a-4d08f2144862,7fd2d5a7-7882-489f-a153-0c2f57e8fcfd,LOU: THURSDAY PM,08bc640b-bfc9-4eef-b77a-5d6ea7209e12,7fd2d5a7-7882-489f-a153-0c2f57e8fcfd,1,12:00:00,2,14:00:00,2,20:00:00,5,05:00:00,5,20:00:00,c059b389-ff65-4283-8edb-06ffc96193af,5.99,,Bringg,1000,FALSE,TRUE,1,,new-years-window-exceptions-2022
0540cb6f-b7a4-435a-8385-94e79fa11a1d,c099ac81-c1ec-4260-bc15-b4f2a1776507,DAY: THURSDAY PM,0772543c-a0d7-48d0-b948-96d733970d00,c099ac81-c1ec-4260-bc15-b4f2a1776507,1,12:00:00,2,14:00:00,2,20:00:00,5,05:00:00,5,20:00:00,c059b389-ff65-4283-8edb-06ffc96193af,5.99,,Bringg,1000,FALSE,TRUE,1,,new-years-window-exceptions-2022
c9449c3d-f12f-472e-95bf-4efaead39a0e,887cdd63-24f4-4d6a-8860-e246f958cefc,LAS: MONDAY PM,8371c94b-a9cb-4a09-bac0-5711107a5556,887cdd63-24f4-4d6a-8860-e246f958cefc,4,15:00:00,6,12:00:00,6,15:00:00,2,05:00:00,2,21:00:00,9da947fe-5a46-424f-b328-e9414c197a32,5.99,,Bringg,1000,FALSE,TRUE,1,,new-years-window-exceptions-2022
ed93b5a0-230a-44e8-85ca-33f254d69321,ac30b44a-acf9-4f6f-934f-9700a6d12a77,SLC: MONDAY PM,32d4538d-9aae-4892-a63f-473402963915,ac30b44a-acf9-4f6f-934f-9700a6d12a77,4,14:00:00,6,11:00:00,6,14:00:00,2,05:00:00,2,20:00:00,9da947fe-5a46-424f-b328-e9414c197a32,5.99,,Bringg,1000,FALSE,TRUE,1,,new-years-window-exceptions-2022
04912364-e308-4c45-a364-32c19dfeaac9,b06d9f71-c062-4c54-a5ef-6773ea946dea,PHX: MONDAY PM,afcff2c2-5c3f-45fb-9120-771d6e1d3092,b06d9f71-c062-4c54-a5ef-6773ea946dea,4,14:00:00,6,11:00:00,6,15:00:00,2,05:00:00,2,21:00:00,9da947fe-5a46-424f-b328-e9414c197a32,5.99,,Bringg,1000,FALSE,TRUE,1,,new-years-window-exceptions-2022
79b40776-6675-4f2e-9a64-566ef8f7bf97,d152b910-575a-49f9-b42e-09dbdd47e46c,TUS: MONDAY PM,31cf0d42-880e-4152-a083-e11404cc89ed,d152b910-575a-49f9-b42e-09dbdd47e46c,4,14:00:00,6,11:00:00,6,15:00:00,2,05:00:00,2,21:00:00,9da947fe-5a46-424f-b328-e9414c197a32,5.99,,Bringg,1000,FALSE,TRUE,1,,new-years-window-exceptions-2022
db60a51f-ffab-400a-a6cc-d9a83899b505,34e11f8d-ae17-4458-b519-bdbcbbb08ff5,SBA: MONDAY PM,9652b27a-67ec-4d5c-bd1e-aff3b7327982,34e11f8d-ae17-4458-b519-bdbcbbb08ff5,4,15:00:00,6,12:00:00,6,15:00:00,2,05:00:00,2,21:00:00,9da947fe-5a46-424f-b328-e9414c197a32,5.99,,Bringg,1000,FALSE,TRUE,1,,new-years-window-exceptions-2022
53496958-8691-40df-87a2-f81a7f35c4df,c0e3d0ef-fedb-4cec-81cb-54d44f1f25c5,LAX: MONDAY PM,e604fddc-f491-476b-b5f0-cfb8d1c59508,c0e3d0ef-fedb-4cec-81cb-54d44f1f25c5,4,15:00:00,6,12:00:00,6,15:00:00,2,05:00:00,2,21:00:00,9da947fe-5a46-424f-b328-e9414c197a32,5.99,,Bringg,1000,FALSE,TRUE,1,,new-years-window-exceptions-2022
c1810aa2-50e6-4c9a-93d7-74a455464769,5525902d-697f-47c6-9bad-69052b9e0cba,SNA: MONDAY PM,f1bd16f9-c173-4e7d-a2a8-03424c3ee7c5,44d302e2-deb0-4fe1-a801-3c6d5fa94729,4,15:00:00,6,12:00:00,0,15:00:00,2,05:00:00,2,21:00:00,9da947fe-5a46-424f-b328-e9414c197a32,5.99,,Bringg,1000,FALSE,TRUE,1,,new-years-window-exceptions-2022
a62f84a7-d27e-4a2f-95d0-35d474fa5860,b072d85c-2af2-428c-8d4f-58e43c3da1ea,SAN: MONDAY PM,174c68db-6316-4374-b846-505097f29acc,e4c59fd0-f64c-42cb-8dfb-bed937651a25,4,15:00:00,6,12:00:00,0,15:00:00,2,05:00:00,2,21:00:00,9da947fe-5a46-424f-b328-e9414c197a32,5.99,,Bringg,1000,FALSE,TRUE,1,,new-years-window-exceptions-2022
7b3b57e1-0eaa-4957-927d-5827e121d81d,471931ee-a40c-4605-bd41-b27dea448ae0,SFO: MONDAY PM LAX,578c7220-685b-4ac3-8c28-3c692240066a,f7cb92de-d15b-46be-a5ca-6bfa9b8316e1,4,15:00:00,6,12:00:00,0,15:00:00,2,05:00:00,2,21:00:00,9da947fe-5a46-424f-b328-e9414c197a32,5.99,,Bringg,1000,FALSE,TRUE,1,,new-years-window-exceptions-2022
4ad11863-b276-4326-8a2b-cbb1bd583bb3,e7439bbf-ff7b-4982-b43a-373d5e025877,SBY: MONDAY PM,61872b8b-6ceb-4107-8eb7-8db70728e90d,e7439bbf-ff7b-4982-b43a-373d5e025877,4,15:00:00,6,12:00:00,6,15:00:00,2,05:00:00,2,21:00:00,9da947fe-5a46-424f-b328-e9414c197a32,5.99,,Bringg,1000,FALSE,TRUE,1,,new-years-window-exceptions-2022
e05a3bbd-2e2f-426c-9d27-f3a724dc8596,3c9c52c1-3be8-4514-99bb-f833eccae5e0,NBY: MONDAY PM LAX,b7073f24-7fe7-4b15-a9ff-7a700d6cf8f3,e67c1cef-fa90-4733-94eb-270b3b8b003f,4,15:00:00,6,12:00:00,0,15:00:00,2,05:00:00,2,21:00:00,9da947fe-5a46-424f-b328-e9414c197a32,5.99,,Bringg,1000,FALSE,TRUE,1,,new-years-window-exceptions-2022
d2b4ffcc-73c0-4b95-a119-2f56c80821fa,c68ca8e0-3192-4f53-bfc9-cf45b01e7aaa,EBY: MONDAY PM LAX,8e44478c-678c-4025-99a7-de1e98b475aa,c68ca8e0-3192-4f53-bfc9-cf45b01e7aaa,4,15:00:00,6,12:00:00,6,15:00:00,2,05:00:00,2,21:00:00,9da947fe-5a46-424f-b328-e9414c197a32,5.99,,Bringg,1000,FALSE,TRUE,1,,new-years-window-exceptions-2022
d998d7cb-0232-4e05-8f45-0c43ecd3e020,c4e9823b-c681-4d9a-bb91-3b7c91aec815,RNO: MONDAY PM LAX,dfd77c69-362a-4fb2-8c66-50782a83edde,f5bec5e3-007e-49c1-b344-6a882c562635,4,15:00:00,6,12:00:00,0,15:00:00,2,05:00:00,2,21:00:00,9da947fe-5a46-424f-b328-e9414c197a32,5.99,,Bringg,1000,FALSE,TRUE,1,,new-years-window-exceptions-2022
0f0d3e31-e6f2-4717-8ff9-982e9df242d4,ce136a5a-2a40-49e0-9926-7dd6bd4d0ea0,SAC: MONDAY PM LAX,e2fb30d5-6af0-490b-999e-79e3f025799f,a3374a93-76af-4090-bef3-e2913ce881ff,4,15:00:00,6,12:00:00,0,15:00:00,2,05:00:00,2,21:00:00,9da947fe-5a46-424f-b328-e9414c197a32,5.99,,Bringg,1000,FALSE,TRUE,1,,new-years-window-exceptions-2022
9a32d9ce-44a7-454d-96aa-1da6897adfcf,4f7320ee-3263-43b2-b653-cb7c42dcff90,DEN: TUESDAY PM,c047e9f3-64a4-418c-ac16-fada9c15dda0,4f7320ee-3263-43b2-b653-cb7c42dcff90,4,14:00:00,6,11:00:00,6,14:00:00,3,05:00:00,3,20:00:00,9da947fe-5a46-424f-b328-e9414c197a32,5.99,,Bringg,1000,FALSE,TRUE,2,,new-years-window-exceptions-2022
de6cd28d-3674-4947-bd2c-ad553da80ff4,2c9fdf4b-b11f-46aa-8881-15894b71f1fb,LAS: TUESDAY PM,afa68ce4-510b-409b-93d2-372eb023e0d4,2c9fdf4b-b11f-46aa-8881-15894b71f1fb,4,15:00:00,0,12:00:00,0,15:00:00,3,05:00:00,3,21:00:00,9da947fe-5a46-424f-b328-e9414c197a32,5.99,,Bringg,1000,FALSE,TRUE,1,,new-years-window-exceptions-2022
82e37986-8179-4879-b3f6-db198594c0ed,fba43e76-0c24-4b21-b29a-69cd5b211127,SLC: TUESDAY PM,e18448e5-8a96-491d-bd3f-c7428f49ef1f,fba43e76-0c24-4b21-b29a-69cd5b211127,4,14:00:00,0,11:00:00,0,14:00:00,3,05:00:00,3,20:00:00,9da947fe-5a46-424f-b328-e9414c197a32,5.99,,Bringg,1000,FALSE,TRUE,1,,new-years-window-exceptions-2022
98e1a72e-99c3-4f8c-a549-76d1fddd1622,53c25d18-d6cb-4cbe-876e-a7a6977dbb79,PHX: TUESDAY PM,debaf50a-ea71-49da-802d-fa3f2d401d77,53c25d18-d6cb-4cbe-876e-a7a6977dbb79,4,14:00:00,0,11:00:00,0,15:00:00,3,05:00:00,3,21:00:00,9da947fe-5a46-424f-b328-e9414c197a32,5.99,,Bringg,1000,FALSE,TRUE,1,,new-years-window-exceptions-2022
5a820b7a-b29f-40de-9964-64e833f5ec1f,9696167d-2294-45f5-8780-1a510a4c9271,TUS: TUESDAY PM,fec8309c-b934-44a9-8ac7-29ad7fb3b827,9696167d-2294-45f5-8780-1a510a4c9271,4,14:00:00,0,11:00:00,0,15:00:00,3,05:00:00,3,21:00:00,9da947fe-5a46-424f-b328-e9414c197a32,5.99,,Bringg,1000,FALSE,TRUE,1,,new-years-window-exceptions-2022
e412a14a-ddc3-4f6f-bd5a-e8c1f79fed93,427038ad-54ab-4128-9bba-79daf0b31aa1,SBA: TUESDAY PM,a4e53ee2-1f7f-4fde-ab14-d3fbace20604,427038ad-54ab-4128-9bba-79daf0b31aa1,4,15:00:00,0,12:00:00,0,15:00:00,3,05:00:00,3,21:00:00,9da947fe-5a46-424f-b328-e9414c197a32,5.99,,Bringg,1000,FALSE,TRUE,1,,new-years-window-exceptions-2022
50167f8d-7217-4618-b9c8-2ad1d01bd116,9268a6e2-5096-488f-bf0f-743ec70e93ec,LAX: TUESDAY PM,9256b225-5868-49b1-8cbc-f6201a92c507,9268a6e2-5096-488f-bf0f-743ec70e93ec,4,15:00:00,0,12:00:00,0,15:00:00,3,05:00:00,3,21:00:00,9da947fe-5a46-424f-b328-e9414c197a32,5.99,,Bringg,1000,FALSE,TRUE,1,,new-years-window-exceptions-2022
482c9536-c151-4864-9c91-4a89453f1de5,040a0686-bad2-4827-82e1-ab76e3d244cb,EBY: TUESDAY PM LAX,9886eaf9-8de1-45aa-8265-61e459345b10,040a0686-bad2-4827-82e1-ab76e3d244cb,4,15:00:00,0,12:00:00,0,15:00:00,3,05:00:00,3,21:00:00,9da947fe-5a46-424f-b328-e9414c197a32,5.99,,Bringg,1000,FALSE,TRUE,1,,new-years-window-exceptions-2022
901b764f-f1e8-457a-a156-72dc09c0ffb5,a1801281-48d9-46ba-9ae8-6076a98b7d12,SBY: TUESDAY PM,78597a06-9e1c-49ac-aec3-00ffda0e19eb,33687397-e353-4ca2-9386-f7d04f223ffc,4,15:00:00,0,12:00:00,1,15:00:00,3,05:00:00,3,21:00:00,9da947fe-5a46-424f-b328-e9414c197a32,5.99,,Bringg,1000,FALSE,TRUE,1,,new-years-window-exceptions-2022
ecc5a31c-38a7-4b93-a40a-3614405039a1,4d12a24b-569c-41a4-9447-80fd7156f7fe,DEN: WEDNESDAY PM,1bdf3ade-61cd-455f-bda6-40fb2950edee,4d12a24b-569c-41a4-9447-80fd7156f7fe,4,14:00:00,6,11:00:00,6,14:00:00,4,05:00:00,4,20:00:00,9da947fe-5a46-424f-b328-e9414c197a32,5.99,,Bringg,1000,FALSE,TRUE,2,,new-years-window-exceptions-2022
1099ad9f-8ae8-4f32-92c6-16fe85d93072,91a31ca6-a994-46bc-97f6-7c2c51fc292e,LAS: WEDNESDAY PM,61410fdc-02be-4849-b4b9-9b7963634731,91a31ca6-a994-46bc-97f6-7c2c51fc292e,5,15:00:00,1,12:00:00,1,15:00:00,4,05:00:00,4,21:00:00,9da947fe-5a46-424f-b328-e9414c197a32,5.99,,Bringg,1000,FALSE,TRUE,1,,new-years-window-exceptions-2022
104b7818-2787-4e95-86a6-a6976ac27bfe,30a2d623-b434-4ba5-a7b1-38d7ecd61c6d,SLC: WEDNESDAY PM,7d157b2e-bc2d-49fb-a306-e98b101e5fd9,30a2d623-b434-4ba5-a7b1-38d7ecd61c6d,5,14:00:00,1,11:00:00,1,14:00:00,4,05:00:00,4,20:00:00,9da947fe-5a46-424f-b328-e9414c197a32,5.99,,Bringg,1000,FALSE,TRUE,1,,new-years-window-exceptions-2022
6b39dc99-b778-4e97-bf2e-b9eda413e026,51659bfb-a6c1-43c4-a30f-533899fcbc29,PHX: WEDNESDAY PM,0b6ac3f9-ecbb-4783-a261-68d15d1d807a,51659bfb-a6c1-43c4-a30f-533899fcbc29,5,14:00:00,1,11:00:00,1,15:00:00,4,05:00:00,4,21:00:00,9da947fe-5a46-424f-b328-e9414c197a32,5.99,,Bringg,1000,FALSE,TRUE,1,,new-years-window-exceptions-2022
7501eee2-0b00-431b-b46c-451d50a83497,8e3bce01-13ca-40ff-8037-191c0a9287b6,TUS: WEDNESDAY PM,4e8aaf4f-8179-42d8-a70b-22e026038f45,8e3bce01-13ca-40ff-8037-191c0a9287b6,5,14:00:00,1,11:00:00,1,15:00:00,4,05:00:00,4,21:00:00,9da947fe-5a46-424f-b328-e9414c197a32,5.99,,Bringg,1000,FALSE,TRUE,1,,new-years-window-exceptions-2022
098906eb-ee14-4f34-9f48-88644db63db0,3ba657c7-7ca3-4902-8b21-d69f8dce8f80,SBA: WEDNESDAY PM,924f791f-aff7-45a9-8899-a3a9762226ed,3ba657c7-7ca3-4902-8b21-d69f8dce8f80,5,15:00:00,1,12:00:00,1,15:00:00,4,05:00:00,4,21:00:00,9da947fe-5a46-424f-b328-e9414c197a32,5.99,,Bringg,1000,FALSE,TRUE,1,,new-years-window-exceptions-2022
aa0a5fb1-c0dc-4c41-be2d-0d5db6e0a7a8,d68c3d03-d489-4fa4-8bf3-b1f16ef3be46,LAX: WEDNESDAY PM,51c08ec9-d0c9-44a9-80cd-c0b5077169b4,b49381d8-e88d-420f-bfc7-ce679e9ea835,5,15:00:00,1,12:00:00,2,15:00:00,4,05:00:00,4,21:00:00,9da947fe-5a46-424f-b328-e9414c197a32,5.99,,Bringg,1000,FALSE,TRUE,1,,new-years-window-exceptions-2022
66d6b3b8-60ea-45eb-b986-bbd3dbb23b71,0f16a6d9-dd20-4e0f-b0bf-f9b6d75db1ae,EBY: WEDNESDAY PM LAX,84f7caa6-9289-47a1-9c51-3d75c79cfbe8,68ddecb0-f0f5-49f4-99a6-8e1d0a3cf575,5,15:00:00,1,12:00:00,2,15:00:00,4,05:00:00,4,21:00:00,9da947fe-5a46-424f-b328-e9414c197a32,5.99,,Bringg,1000,FALSE,TRUE,1,,new-years-window-exceptions-2022
73b33630-1c7a-47aa-bdaa-5ede8f993ddb,59593f1b-aaf8-475c-b411-71405108dcd2,DEN: THURSDAY PM,10af44ce-fea2-4df2-aba1-78b660af1530,59593f1b-aaf8-475c-b411-71405108dcd2,5,14:00:00,1,11:00:00,1,14:00:00,5,05:00:00,5,20:00:00,9da947fe-5a46-424f-b328-e9414c197a32,5.99,,Bringg,1000,FALSE,TRUE,2,,new-years-window-exceptions-2022
8beeeec9-d9af-42b7-9dce-794329b18cfd,410589e8-a96c-4d3f-a549-2e636e716eea,LAS: THURSDAY PM,ca77d7cf-cf4b-456c-b3d8-04c2fee205bb,410589e8-a96c-4d3f-a549-2e636e716eea,5,15:00:00,2,12:00:00,2,15:00:00,5,05:00:00,5,21:00:00,9da947fe-5a46-424f-b328-e9414c197a32,5.99,,Bringg,1000,FALSE,TRUE,1,,new-years-window-exceptions-2022
f08ce25e-10e0-4e8b-9fc5-d0596e0740ac,9f0bd76d-cbc4-4a61-8421-e1709e94b3f1,SLC: THURSDAY PM,d15881f7-46bc-4ee9-91df-6fc7272f1fd7,9f0bd76d-cbc4-4a61-8421-e1709e94b3f1,5,14:00:00,2,11:00:00,2,14:00:00,5,05:00:00,5,20:00:00,9da947fe-5a46-424f-b328-e9414c197a32,5.99,,Bringg,1000,FALSE,TRUE,1,,new-years-window-exceptions-2022
315660f1-5296-4625-b629-5b87eb117817,f966f90d-6e95-449a-8894-f3e64e574197,PHX: THURSDAY PM,79cb395c-a230-4c3c-b622-c9598b648fb7,f966f90d-6e95-449a-8894-f3e64e574197,5,14:00:00,2,11:00:00,2,15:00:00,5,05:00:00,5,21:00:00,9da947fe-5a46-424f-b328-e9414c197a32,5.99,,Bringg,1000,FALSE,TRUE,1,,new-years-window-exceptions-2022
c69d2972-d98c-4715-a23f-3396f03840ce,2f786aff-25c0-40d4-9fcb-8bfb1f06b018,TUS: THURSDAY PM,268ca11e-2d07-4e09-8a94-7cbdba9edbbf,2f786aff-25c0-40d4-9fcb-8bfb1f06b018,5,14:00:00,2,11:00:00,2,15:00:00,5,05:00:00,5,21:00:00,9da947fe-5a46-424f-b328-e9414c197a32,5.99,,Bringg,1000,FALSE,TRUE,1,,new-years-window-exceptions-2022
49de0fc8-ca54-48f8-9571-e22c756622df,acfde559-eb07-43b9-9553-500d64a17d63,SBA: THURSDAY PM,1ce62e67-a01a-4246-9734-6e83b0fec8ed,01fd6dc3-a210-448c-8294-03f1d36cbab8,5,15:00:00,2,12:00:00,3,15:00:00,5,05:00:00,5,21:00:00,9da947fe-5a46-424f-b328-e9414c197a32,5.99,,Bringg,1000,FALSE,TRUE,1,,new-years-window-exceptions-2022
1a71da33-6b78-43dd-aafd-399713421965,71b3a579-4d11-46aa-8b3d-f3b6d780c7fe,SAT: MONDAY PM,5f201b91-0c84-413e-ba24-8a524d73f0a2,cf94b1cd-3ddd-4fc6-afb5-12820d7ae44b,4,15:00:00,6,12:00:00,0,18:00:00,2,05:00:00,2,21:00:00,c2fcd071-f479-4f68-a54d-a382bd9fa552,5.99,,Bringg,1000,FALSE,TRUE,1,,new-years-window-exceptions-2022
f5d6c34b-9f30-42cb-acb9-e3c3414a5081,f106201b-c002-4f14-a347-f5255653286a,NVA: TUESDAY PM,cee96671-10ca-4067-8a8f-2b5a80a9e6ae,c20a3e51-4a21-481a-9dc9-ef9336adfd8a,4,15:00:00,0,12:00:00,0,18:00:00,2,05:00:00,2,21:00:00,25729cbe-719c-4314-ab07-0fbc45d38a11,5.99,,Bringg,1000,FALSE,TRUE,1,,new-years-window-exceptions-2022
3ec17191-9ab8-4977-a294-6f1e1609f032,b4f0872c-4274-4d5a-a382-340947c93a8e,MOC: WEDNESDAY PM,35587d95-4e87-4c30-aec7-b25c772e668d,8697f4cc-e888-4f28-89b3-087d6cbcda5f,5,15:00:00,1,12:00:00,1,18:00:00,3,05:00:00,3,21:00:00,25729cbe-719c-4314-ab07-0fbc45d38a11,5.99,,Bringg,1000,FALSE,TRUE,1,,new-years-window-exceptions-2022
6a91d2de-8329-4909-84f7-308bb4c6f476,1b091aac-6e7d-4b4c-aa1b-0cc5f4d62c00,BWI: THURSDAY PM,e75881bb-f791-4573-a54a-197257990b61,1f1112d1-15ab-4c07-a11f-503645e8ccf7,1,13:00:00,2,15:00:00,2,21:00:00,4,05:00:00,4,21:00:00,25729cbe-719c-4314-ab07-0fbc45d38a11,5.99,,Bringg,1000,FALSE,TRUE,1,,new-years-window-exceptions-2022
4482193d-856b-402c-8b91-f783b6da675b,0a79fb34-7bf5-4177-8ea4-5d5438ef1526,CHI: TUESDAY PM,868a62c9-2ed4-416c-9465-0bfbd2461bab,8ff09422-4188-463a-802c-0f7afdff707e,4,15:00:00,0,12:00:00,0,18:00:00,2,05:00:00,2,21:00:00,c059b389-ff65-4283-8edb-06ffc96193af,5.99,,Bringg,1000,FALSE,TRUE,1,,new-years-window-exceptions-2022
410df443-0b20-4b4c-8be6-5c4d92e24c1e,7671e319-9fa4-4239-a211-fb14ad922f3c,SNA: TUESDAY PM,0d889962-7470-48b7-8f86-eb353bae670d,44d302e2-deb0-4fe1-a801-3c6d5fa94729,4,15:00:00,0,12:00:00,0,15:00:00,2,05:00:00,2,21:00:00,9da947fe-5a46-424f-b328-e9414c197a32,5.99,,Bringg,1000,FALSE,TRUE,1,,new-years-window-exceptions-2022
0882209d-518b-4234-bddc-cfca186c0bd5,1d65830e-3d09-4f54-830e-e184e2561028,RNO: TUESDAY PM LAX,0f214f17-da16-4435-b8f3-83be2ed20eab,f5bec5e3-007e-49c1-b344-6a882c562635,4,15:00:00,0,12:00:00,0,15:00:00,2,05:00:00,2,21:00:00,9da947fe-5a46-424f-b328-e9414c197a32,5.99,,Bringg,1000,FALSE,TRUE,1,,new-years-window-exceptions-2022
6b8c5951-2bb6-4b3a-b90b-6ccf6abd3f2d,564ce51d-9032-4585-9034-8be3523cf497,SAC: TUESDAY PM LAX,f0774a14-9919-4048-8a64-ec9e604bd6df,a3374a93-76af-4090-bef3-e2913ce881ff,4,15:00:00,0,12:00:00,0,15:00:00,2,05:00:00,2,21:00:00,9da947fe-5a46-424f-b328-e9414c197a32,5.99,,Bringg,1000,FALSE,TRUE,1,,new-years-window-exceptions-2022
de3a8dd4-10f7-431a-9f35-9f03d9d02779,f1ff0d39-426b-4449-a2b6-5fa33961a01c,SAN: TUESDAY PM,01b0941a-79b7-4f7d-8886-104724c5ca10,e4c59fd0-f64c-42cb-8dfb-bed937651a25,4,15:00:00,0,12:00:00,0,15:00:00,2,05:00:00,2,21:00:00,9da947fe-5a46-424f-b328-e9414c197a32,5.99,,Bringg,1000,FALSE,TRUE,1,,new-years-window-exceptions-2022
4ce8e048-0913-4b51-bdaf-1e0f72078940,aa376b4c-64ee-467b-b54d-a82872d867e2,SFO: TUESDAY PM LAX,a9735e55-e84a-4ba0-abe7-35324e0f3a91,f7cb92de-d15b-46be-a5ca-6bfa9b8316e1,4,15:00:00,0,12:00:00,0,15:00:00,2,05:00:00,2,21:00:00,9da947fe-5a46-424f-b328-e9414c197a32,5.99,,Bringg,1000,FALSE,TRUE,1,,new-years-window-exceptions-2022
5bac7078-a510-4c7e-9859-d04b69574ab6,f2fb7465-afce-44df-8a35-e4eea4407aaa,NBY: TUESDAY PM LAX,45d66a48-72b9-4030-a29d-b8d1a8d65d34,e67c1cef-fa90-4733-94eb-270b3b8b003f,4,15:00:00,0,12:00:00,0,15:00:00,2,05:00:00,2,21:00:00,9da947fe-5a46-424f-b328-e9414c197a32,5.99,,Bringg,1000,FALSE,TRUE,1,,new-years-window-exceptions-2022
32884f04-43fe-419f-bdda-fb31b21b19f6,bfd5e2a2-e78e-4e74-a4f5-5018db3df5f2,SBY: WEDNESDAY PM,427d5840-c101-460f-8603-c9443b56cecd,33687397-e353-4ca2-9386-f7d04f223ffc,5,15:00:00,1,12:00:00,1,15:00:00,3,05:00:00,3,21:00:00,9da947fe-5a46-424f-b328-e9414c197a32,5.99,,Bringg,1000,FALSE,TRUE,1,,new-years-window-exceptions-2022
da7e2ec3-0fa1-4ce9-a404-d77ba870bb11,be433287-38e0-4506-a03c-733b661b0ed4,LAX: THURSDAY PM,5a698281-2a88-494a-adc9-f25c97308938,b49381d8-e88d-420f-bfc7-ce679e9ea835,5,15:00:00,2,12:00:00,2,15:00:00,4,05:00:00,4,21:00:00,9da947fe-5a46-424f-b328-e9414c197a32,5.99,,Bringg,1000,FALSE,TRUE,1,,new-years-window-exceptions-2022
a2e3cf94-0599-4f63-b4bb-044122fa9618,e95f3758-dffe-410a-8e79-a231a514e9b7,EBY: THURSDAY PM LAX,6b9b86db-a968-4cdb-b5ea-b610ca3aabde,68ddecb0-f0f5-49f4-99a6-8e1d0a3cf575,5,15:00:00,2,12:00:00,2,15:00:00,4,05:00:00,4,21:00:00,9da947fe-5a46-424f-b328-e9414c197a32,5.99,,Bringg,1000,FALSE,TRUE,1,,new-years-window-exceptions-2022
3121c957-cfa1-4996-b065-9b968ac062cb,5e9eecf8-a581-4077-a485-20c82f4a77b7,SBA: FRIDAY PM,fc8b9cf0-5663-44e2-98c9-897aec66ae64,01fd6dc3-a210-448c-8294-03f1d36cbab8,6,15:00:00,3,12:00:00,3,15:00:00,5,05:00:00,5,21:00:00,9da947fe-5a46-424f-b328-e9414c197a32,5.99,,Bringg,1000,FALSE,TRUE,1,,new-years-window-exceptions-2022
6c3bded8-9e97-4744-86e7-5c9c87bcbbf8,bd802be4-50c8-42f3-8558-f1b3fd14ed91,SAT: TUESDAY PM,a57c74c3-5824-435b-a56a-01c75896bb14,cf94b1cd-3ddd-4fc6-afb5-12820d7ae44b,4,15:00:00,0,12:00:00,0,18:00:00,2,05:00:00,2,21:00:00,c2fcd071-f479-4f68-a54d-a382bd9fa552,5.99,,Bringg,1000,FALSE,TRUE,1,,new-years-window-exceptions-2022
41a66bac-422b-4411-b7d2-637cfb2ae02c,a1668dfb-c0a2-47de-ab17-2c4445a01934,BLI: Employee Warehouse Pick Up,c263db4b-10eb-47b3-9dca-c00c509a7f4d,a1668dfb-c0a2-47de-ab17-2c4445a01934,4,15:00:00,6,12:00:00,6,18:00:00,2,05:00:00,2,21:00:00,62759d07-dda5-4e5e-a0b9-fce960493522,0,,PickUp,1000,FALSE,TRUE,1,,new-years-window-exceptions-2022
d8b59966-0894-4457-b294-0179787d7f4d,5bde7ccc-173a-44a0-b290-88dbf142d077,PDX: Employee Warehouse Pick Up,6975a5af-d954-4857-9183-952faa7f6f6e,5bde7ccc-173a-44a0-b290-88dbf142d077,4,15:00:00,6,12:00:00,6,18:00:00,2,05:00:00,2,21:00:00,62759d07-dda5-4e5e-a0b9-fce960493522,0,,PickUp,1000,FALSE,TRUE,1,,new-years-window-exceptions-2022
7dd21c4c-4c41-4b62-b006-6fe0cb899d1a,354d7dca-bb36-4b64-bee6-e54163af72c5,SEA: Employee Warehouse Pick Up,6ae12991-90c1-440e-8b78-973e3d6f6c98,354d7dca-bb36-4b64-bee6-e54163af72c5,4,15:00:00,6,12:00:00,6,18:00:00,2,05:00:00,2,21:00:00,62759d07-dda5-4e5e-a0b9-fce960493522,0,,PickUp,1000,FALSE,TRUE,1,,new-years-window-exceptions-2022
87cde284-0269-4feb-8464-e804fb47d321,9f7b249d-067e-4449-8603-d56ec71f687f,BWI: Employee Warehouse Pick Up,cd9eb380-1468-4b1d-bf3d-f90fd7b54418,9f7b249d-067e-4449-8603-d56ec71f687f,4,15:00:00,6,12:00:00,6,18:00:00,2,05:00:00,2,21:00:00,25729cbe-719c-4314-ab07-0fbc45d38a11,0,,PickUp,1000,FALSE,TRUE,1,,new-years-window-exceptions-2022
3225c6e7-fb44-4d3b-b338-4a7d65c9ec0e,ebf2b9af-6d56-4989-8ff7-cb03ef0a90d9,SPK: Employee Warehouse Pick Up,fb31d605-e480-4c85-a768-3f9bd6f7e0f3,ebf2b9af-6d56-4989-8ff7-cb03ef0a90d9,4,15:00:00,0,12:00:00,0,18:00:00,3,05:00:00,3,21:00:00,62759d07-dda5-4e5e-a0b9-fce960493522,0,,PickUp,1000,FALSE,TRUE,1,,new-years-window-exceptions-2022
3270e6bc-6da1-433f-b81e-85d06bdecbd6,70ae14e8-292a-4bc2-a1d8-37f5ddf04d72,DEN: Employee Warehouse Pick Up,b95d02a2-7f93-4876-8a12-a1a2cf37e116,70ae14e8-292a-4bc2-a1d8-37f5ddf04d72,4,14:00:00,6,11:00:00,6,17:00:00,3,05:00:00,3,20:00:00,9da947fe-5a46-424f-b328-e9414c197a32,0,,PickUp,1000,FALSE,TRUE,1,1,new-years-window-exceptions-2022
bece9e65-e190-4995-96fb-0e943223e502,0e3eeed0-ad8d-49eb-ac2b-c9ad2fae76bf,BOI: Employee Warehouse Pickup,5fed13f4-6e26-4266-8d00-0029754552c7,0e3eeed0-ad8d-49eb-ac2b-c9ad2fae76bf,5,14:00:00,1,11:00:00,1,17:00:00,5,05:00:00,5,20:00:00,62759d07-dda5-4e5e-a0b9-fce960493522,0,,PickUp,1000,FALSE,TRUE,2,,new-years-window-exceptions-2022
d9e7246a-a190-48a5-90a6-20cb9f5e6011,1dc0d882-364b-4d3d-bd94-919398aba246,OLM: Employee Warehouse Pick-Up,bfd69361-417b-42eb-a141-d659461d1ae6,1dc0d882-364b-4d3d-bd94-919398aba246,1,13:00:00,2,15:00:00,2,21:00:00,5,05:00:00,5,21:00:00,62759d07-dda5-4e5e-a0b9-fce960493522,0,,PickUp,1000,FALSE,TRUE,1,,new-years-window-exceptions-2022
605c3eb6-ac05-43ef-a6e5-e505349d87ea,44e6b6be-b3fe-4872-a09a-5ff90ec69cf0,LAS: Employee Warehouse Pick Up,47ff3d8a-17fd-4a8b-8461-64df42493c14,44e6b6be-b3fe-4872-a09a-5ff90ec69cf0,5,15:00:00,2,12:00:00,2,15:00:00,5,05:00:00,5,21:00:00,9da947fe-5a46-424f-b328-e9414c197a32,0,,PickUp,1000,FALSE,TRUE,1,,new-years-window-exceptions-2022
acb5bb3f-e1a7-4c43-b0ca-a74bee74e7ae,7455aca5-1825-424f-aa3c-bb2d4ade3971,SLC: Employee Warehouse Pickup,e392a6fc-a874-455e-9371-221a6506ce23,7455aca5-1825-424f-aa3c-bb2d4ade3971,5,14:00:00,2,11:00:00,2,14:00:00,5,05:00:00,5,20:00:00,9da947fe-5a46-424f-b328-e9414c197a32,0,,PickUp,1000,FALSE,TRUE,1,,new-years-window-exceptions-2022
d9bdce04-200d-4f8a-b0c4-d865cbe1120d,f79383bd-f80a-4322-8214-2a1c76284d0e,PHX: Employee Warehouse Pickup,00527bb4-3dd6-4287-8b28-98824cdd43ed,f79383bd-f80a-4322-8214-2a1c76284d0e,5,14:00:00,2,11:00:00,2,15:00:00,5,05:00:00,5,21:00:00,9da947fe-5a46-424f-b328-e9414c197a32,0,,PickUp,1000,FALSE,TRUE,1,,new-years-window-exceptions-2022
82928dc1-fd2a-4016-9a45-ea65c5de37c8,7ba43a1c-8d68-4b2f-8791-f5778e6ace73,HAR: Employee Warehouse Pick Up,cc5e0749-3422-4c35-be9b-40e5b267f6c2,7ba43a1c-8d68-4b2f-8791-f5778e6ace73,4,15:00:00,0,12:00:00,0,18:00:00,3,05:00:00,3,21:00:00,25729cbe-719c-4314-ab07-0fbc45d38a11,0,,PickUp,1000,FALSE,TRUE,1,,new-years-window-exceptions-2022
4e707579-05e7-4443-96be-0272c7e5b773,703332e4-b39c-424f-9680-b925514a0438,NVA: Employee Warehouse Pick Up,7c943cd3-1f88-44cd-b6a2-4ce75a10e28f,703332e4-b39c-424f-9680-b925514a0438,4,15:00:00,0,12:00:00,0,18:00:00,3,05:00:00,3,21:00:00,25729cbe-719c-4314-ab07-0fbc45d38a11,0,,PickUp,1000,FALSE,TRUE,1,,new-years-window-exceptions-2022
8442a5c5-3493-47f1-9d00-e0a790296261,15522e8f-d228-4d80-aa04-99b844748db0,EWR: Employee Warehouse Pick Up,f9a8cad7-d3ef-40a5-a5a9-197bb4f0043a,15522e8f-d228-4d80-aa04-99b844748db0,4,15:00:00,6,12:00:00,6,18:00:00,3,05:00:00,3,21:00:00,25729cbe-719c-4314-ab07-0fbc45d38a11,0,,PickUp,1000,FALSE,TRUE,1,,new-years-window-exceptions-2022
b686fa2d-e3c1-4933-a67b-a1b4b8c11259,56c677e8-d742-4e11-9319-2217422467c2,MOC: Employee Warehouse Pick Up,56262c41-7fcc-4536-b9b0-509894f1c756,56c677e8-d742-4e11-9319-2217422467c2,1,13:00:00,3,12:00:00,3,18:00:00,3,05:00:00,3,21:00:00,25729cbe-719c-4314-ab07-0fbc45d38a11,0,,PickUp,1000,FALSE,TRUE,1,,new-years-window-exceptions-2022
3611b779-4f40-4f9e-a47b-063855a3ad60,350f1bed-0e33-46ee-a9d6-589708ed957d,BOS: Employee Warehouse Pick Up,bd263310-87ac-4902-b6c5-640cb7afdb28,350f1bed-0e33-46ee-a9d6-589708ed957d,4,15:00:00,0,12:00:00,0,18:00:00,3,05:00:00,3,21:00:00,25729cbe-719c-4314-ab07-0fbc45d38a11,0,,PickUp,1000,FALSE,TRUE,1,,new-years-window-exceptions-2022