windowId,zoneId,customizationStartDay,customizationStartTime,customizationEndDay,customizationEndTime,dispatchDay,dispatchTime,startDay,startTime,endDay,endTime,fulfillmentCenterId,deliveryPrice,subtotalMin,deliveryProvider,orderBy,isVisible,smsNotifications,packDateOffset,carrierDaysInTransit,messageToUser
37a43538-1efd-44f5-b1cd-b812f286f220,e684a0b9-4b0f-44e7-847d-d03123046962,4,15:00:00,6,12:00:00,6,18:00:00,2,05:00:00,2,21:00:00,62759d07-dda5-4e5e-a0b9-fce960493522,5.99,,Bringg,1000,FALSE,TRUE,1,,christmas-window-exceptions-2022
1d58571c-8889-4ee1-937b-3fa1f58c3ee5,5a91624a-61ea-48c8-8fe0-61a9cdd95113,4,15:00:00,6,12:00:00,6,18:00:00,2,05:00:00,2,21:00:00,62759d07-dda5-4e5e-a0b9-fce960493522,5.99,,Bringg,1000,FALSE,TRUE,1,,christmas-window-exceptions-2022
ecd13554-87e0-408a-bff5-0f64b47ffa65,61b4aeb5-730b-467e-97e3-7d3a0dc60ad0,4,14:00:00,6,11:00:00,6,17:00:00,2,05:00:00,2,20:00:00,62759d07-dda5-4e5e-a0b9-fce960493522,5.99,,Bringg,1000,FALSE,TRUE,1,,christmas-window-exceptions-2022
1073a8fb-7ace-4722-bfc9-fe0653bc248e,a5a3ad27-fdbc-4bee-bdfe-a95e45470795,4,15:00:00,6,12:00:00,6,18:00:00,2,05:00:00,2,21:00:00,62759d07-dda5-4e5e-a0b9-fce960493522,5.99,,Bringg,1000,FALSE,TRUE,1,,christmas-window-exceptions-2022
04322425-56ab-4f6f-9ecf-ecd878544a72,8ad3a55f-db6e-40cc-84d6-bed31c630594,4,15:00:00,6,12:00:00,6,18:00:00,2,05:00:00,2,21:00:00,62759d07-dda5-4e5e-a0b9-fce960493522,5.99,,Bringg,1000,FALSE,TRUE,1,,christmas-window-exceptions-2022
96f383b5-258b-4ead-9ce8-db6960796c6c,809168bd-e140-40d7-a68a-d987dfed93b8,4,15:00:00,6,12:00:00,6,18:00:00,2,05:00:00,2,21:00:00,62759d07-dda5-4e5e-a0b9-fce960493522,5.99,,Bringg,1000,FALSE,TRUE,1,,christmas-window-exceptions-2022
d3ab12e9-dfaa-4f40-933a-ead1bbe539d1,7153b1ce-6ad2-42d7-aab6-f8fad70d294d,4,15:00:00,6,12:00:00,6,18:00:00,2,05:00:00,2,21:00:00,62759d07-dda5-4e5e-a0b9-fce960493522,5.99,,Bringg,1000,FALSE,TRUE,1,,christmas-window-exceptions-2022
28a76c34-0aae-4072-9add-58e4e965583e,7a1d9ceb-2b8f-447f-91a8-a9c4ccaea5a0,4,15:00:00,6,12:00:00,6,18:00:00,2,05:00:00,2,21:00:00,62759d07-dda5-4e5e-a0b9-fce960493522,5.99,,Bringg,1000,FALSE,TRUE,1,,christmas-window-exceptions-2022
25bc57f8-ac2c-4f7d-8b5f-63d6633fd4e1,5320ed06-71b2-4215-95af-27b4e426a45e,4,15:00:00,0,12:00:00,0,18:00:00,3,05:00:00,3,21:00:00,62759d07-dda5-4e5e-a0b9-fce960493522,5.99,,Bringg,1000,FALSE,TRUE,1,,christmas-window-exceptions-2022
885987e7-fb08-4774-ae50-b6856ae90a1e,203636c8-ef2c-40e3-a0e5-edf13a4ee3d6,4,15:00:00,0,12:00:00,0,18:00:00,3,05:00:00,3,21:00:00,62759d07-dda5-4e5e-a0b9-fce960493522,5.99,,Bringg,1000,FALSE,TRUE,1,,christmas-window-exceptions-2022
b11fe79d-561c-48d1-bb94-5732dfe46cef,99328fa5-c34b-449a-bf06-04946ca74ea3,4,14:00:00,6,11:00:00,6,17:00:00,3,05:00:00,3,20:00:00,62759d07-dda5-4e5e-a0b9-fce960493522,5.99,,Bringg,1000,FALSE,TRUE,2,,christmas-window-exceptions-2022
ae49a57b-668b-47c4-8c5e-bc85ac28a00e,4710ac75-70f7-45c3-99f4-adf450179be0,4,15:00:00,0,12:00:00,0,18:00:00,3,05:00:00,3,21:00:00,62759d07-dda5-4e5e-a0b9-fce960493522,5.99,,Bringg,1000,FALSE,TRUE,1,,christmas-window-exceptions-2022
537cd30b-4c36-4f1c-9bc2-c5e8aecf2780,72477012-0d39-43d3-af19-b7acf92e115f,4,15:00:00,0,12:00:00,0,18:00:00,3,05:00:00,3,21:00:00,62759d07-dda5-4e5e-a0b9-fce960493522,5.99,,Bringg,1000,FALSE,TRUE,1,,christmas-window-exceptions-2022
4433c76f-826b-4ef2-acab-e523c13ffc14,54ba1cc5-5f65-4c1e-b021-2dac65ff3c7f,4,15:00:00,0,12:00:00,0,18:00:00,3,05:00:00,3,21:00:00,62759d07-dda5-4e5e-a0b9-fce960493522,5.99,,Bringg,1000,FALSE,TRUE,1,,christmas-window-exceptions-2022
93c6c3ba-385b-4d8f-9b61-1d741493aabc,2f3aaf90-12ae-48c3-899d-2fec9a6d9761,4,15:00:00,0,12:00:00,0,18:00:00,3,05:00:00,3,21:00:00,62759d07-dda5-4e5e-a0b9-fce960493522,5.99,,Bringg,1000,FALSE,TRUE,1,,christmas-window-exceptions-2022
b8f2e0af-e118-4a26-a13c-b89fca37a5c2,8a2553b1-63eb-436c-9c99-0e2fcca775b3,4,15:00:00,0,12:00:00,0,18:00:00,3,05:00:00,3,21:00:00,62759d07-dda5-4e5e-a0b9-fce960493522,5.99,,Bringg,1000,FALSE,TRUE,1,,christmas-window-exceptions-2022
869b57f6-e5a6-4380-988f-57292c8fd864,bded7ac9-3a69-4a5a-afac-b5095cc46f58,5,15:00:00,1,12:00:00,1,18:00:00,4,05:00:00,4,21:00:00,62759d07-dda5-4e5e-a0b9-fce960493522,5.99,,Bringg,1000,FALSE,TRUE,1,,christmas-window-exceptions-2022
90568bec-6cc0-4dad-8d75-c891b0f57922,215c70a2-2715-470c-ad71-faf1e354baa8,5,15:00:00,1,12:00:00,1,18:00:00,4,05:00:00,4,21:00:00,62759d07-dda5-4e5e-a0b9-fce960493522,5.99,,Bringg,1000,FALSE,TRUE,1,,christmas-window-exceptions-2022
efa8c0d3-a2d0-45bd-8d07-f342649f22b9,dfa5eb33-19c1-430f-839f-07e6cde493c8,5,14:00:00,1,11:00:00,1,17:00:00,4,05:00:00,4,20:00:00,62759d07-dda5-4e5e-a0b9-fce960493522,5.99,,Bringg,1000,FALSE,TRUE,1,,christmas-window-exceptions-2022
4ff5f76e-8a60-49b4-84d4-97fc9a095b36,b371e3ec-533f-4931-ae5c-ddb9e29ff53d,5,15:00:00,1,12:00:00,1,18:00:00,4,05:00:00,4,21:00:00,62759d07-dda5-4e5e-a0b9-fce960493522,5.99,,Bringg,1000,FALSE,TRUE,1,,christmas-window-exceptions-2022
985f5293-f196-46e4-9da1-f3a1023d47ba,46782f0f-ba55-4089-9d08-3a2dedc73dc6,5,15:00:00,1,12:00:00,1,18:00:00,4,05:00:00,4,21:00:00,62759d07-dda5-4e5e-a0b9-fce960493522,5.99,,Bringg,1000,FALSE,TRUE,1,,christmas-window-exceptions-2022
c2640362-319e-465d-8df5-d183ffa47445,84e03d9b-7b67-4a8b-910d-72c7e1da6097,5,15:00:00,1,12:00:00,1,18:00:00,4,05:00:00,4,21:00:00,62759d07-dda5-4e5e-a0b9-fce960493522,5.99,,Bringg,1000,FALSE,TRUE,1,,christmas-window-exceptions-2022
f914059d-742e-4b52-a54f-25ac5fbe3cea,d1173b22-06ae-49ab-b45c-1bfed0332a3f,5,15:00:00,1,12:00:00,1,18:00:00,4,05:00:00,4,21:00:00,62759d07-dda5-4e5e-a0b9-fce960493522,5.99,,Bringg,1000,FALSE,TRUE,1,,christmas-window-exceptions-2022
b71b127c-e4cb-45f9-b182-f0dac3a1233f,a7021277-2170-479d-8bce-4732d95b0baa,5,15:00:00,1,12:00:00,1,18:00:00,4,05:00:00,4,21:00:00,62759d07-dda5-4e5e-a0b9-fce960493522,5.99,,Bringg,1000,FALSE,TRUE,1,,christmas-window-exceptions-2022
8d009b02-853e-4406-a961-0c480ab38445,6a30695d-c456-4dd0-995a-510eb97239c0,1,13:00:00,2,15:00:00,2,21:00:00,5,05:00:00,5,21:00:00,62759d07-dda5-4e5e-a0b9-fce960493522,5.99,,Bringg,1000,FALSE,TRUE,1,,christmas-window-exceptions-2022
21a05fcc-e680-4759-bdbb-3376c2fb2032,6045937b-2b87-4d21-9711-374a8b599736,1,13:00:00,2,15:00:00,2,21:00:00,5,05:00:00,5,21:00:00,62759d07-dda5-4e5e-a0b9-fce960493522,5.99,,Bringg,1000,FALSE,TRUE,1,,christmas-window-exceptions-2022
42bc4f92-7026-4f43-9372-0792af48a14b,c6036be2-2011-470b-b709-0ad609afc2b3,5,14:00:00,1,11:00:00,1,17:00:00,5,05:00:00,5,20:00:00,62759d07-dda5-4e5e-a0b9-fce960493522,5.99,,Bringg,1000,FALSE,TRUE,2,,christmas-window-exceptions-2022
0949fceb-a3f6-49e6-b6b5-7ea84e9afe45,420076fe-2e4a-4837-a15c-d016dea89247,1,13:00:00,2,15:00:00,2,21:00:00,5,05:00:00,5,21:00:00,62759d07-dda5-4e5e-a0b9-fce960493522,5.99,,Bringg,1000,FALSE,TRUE,1,,christmas-window-exceptions-2022
72857215-ac8d-418e-9065-a38ea54f1064,8b9ac3b7-b798-4117-b5d0-470b5c3640b1,1,13:00:00,2,15:00:00,2,21:00:00,5,05:00:00,5,21:00:00,62759d07-dda5-4e5e-a0b9-fce960493522,5.99,,Bringg,1000,FALSE,TRUE,1,,christmas-window-exceptions-2022
8b66c60b-4dab-4a73-923d-262e2ac8b75a,0b58b1f2-b858-4607-bcad-83d7cf13fd91,1,13:00:00,2,15:00:00,2,21:00:00,5,05:00:00,5,21:00:00,62759d07-dda5-4e5e-a0b9-fce960493522,5.99,,Bringg,1000,FALSE,TRUE,1,,christmas-window-exceptions-2022
033a30bd-8ab4-40d0-bef3-28d41e662b3c,b013d3d2-16ff-450f-bd7d-cae53fe77f79,1,13:00:00,2,15:00:00,2,21:00:00,5,05:00:00,5,21:00:00,62759d07-dda5-4e5e-a0b9-fce960493522,5.99,,Bringg,1000,FALSE,TRUE,1,,christmas-window-exceptions-2022
bc4511ae-4f42-4af3-9a37-880daf4a1552,177fc982-b57d-4c51-8973-dc02137686e1,1,13:00:00,2,15:00:00,2,21:00:00,5,05:00:00,5,21:00:00,62759d07-dda5-4e5e-a0b9-fce960493522,5.99,,Bringg,1000,FALSE,TRUE,1,,christmas-window-exceptions-2022
1ba78270-0a78-4a5e-a3f8-5bd2acd7e3e3,a43e5acc-2a91-4826-80a9-05cd666369da,4,15:00:00,6,12:00:00,6,18:00:00,2,05:00:00,2,21:00:00,25729cbe-719c-4314-ab07-0fbc45d38a11,5.99,,Bringg,1000,FALSE,TRUE,1,,christmas-window-exceptions-2022
e3020660-e073-46c7-bf05-10878e496f42,0b5a39d7-b625-41aa-8ee0-44a4d8722bc1,4,15:00:00,6,12:00:00,6,18:00:00,2,05:00:00,2,21:00:00,25729cbe-719c-4314-ab07-0fbc45d38a11,5.99,,Bringg,1000,FALSE,TRUE,1,,christmas-window-exceptions-2022
ad3b947f-0551-4891-b5fa-860503ffad80,7d7a2fc1-01db-4f07-b3ad-59e0d77cc10b,4,15:00:00,6,12:00:00,6,18:00:00,2,05:00:00,2,21:00:00,25729cbe-719c-4314-ab07-0fbc45d38a11,5.99,,Bringg,1000,FALSE,TRUE,1,,christmas-window-exceptions-2022
0b597650-aa36-4b32-ba29-b22560ad4815,a0dc1d3e-5948-4ad2-9131-71d29c6c3d17,4,15:00:00,6,12:00:00,6,18:00:00,2,05:00:00,2,21:00:00,25729cbe-719c-4314-ab07-0fbc45d38a11,5.99,,Bringg,1000,FALSE,TRUE,1,,christmas-window-exceptions-2022
c8e7b30f-94fb-46a3-8ae6-5b5d751530de,3c560c07-1713-4c80-8866-2ffb74ad2487,4,15:00:00,6,12:00:00,6,18:00:00,2,05:00:00,2,21:00:00,25729cbe-719c-4314-ab07-0fbc45d38a11,5.99,,Bringg,1000,FALSE,TRUE,1,,christmas-window-exceptions-2022
0528eb28-86f7-4679-a1ea-3b22baea5227,c20a3e51-4a21-481a-9dc9-ef9336adfd8a,4,15:00:00,6,12:00:00,0,18:00:00,2,05:00:00,2,21:00:00,25729cbe-719c-4314-ab07-0fbc45d38a11,5.99,,Bringg,1000,FALSE,TRUE,1,,christmas-window-exceptions-2022
03409618-9ad6-4279-a9df-1e4ff6d474ab,a62e6e07-f503-4d31-bb3c-685ba8697606,4,15:00:00,0,12:00:00,0,18:00:00,3,05:00:00,3,21:00:00,25729cbe-719c-4314-ab07-0fbc45d38a11,5.99,,Bringg,1000,FALSE,TRUE,1,,christmas-window-exceptions-2022
19d3e0d2-a0e1-41cd-8422-319ba3b4e7ed,caa66307-4cb6-48cc-8203-24916e389fc7,4,15:00:00,0,12:00:00,0,18:00:00,3,05:00:00,3,21:00:00,25729cbe-719c-4314-ab07-0fbc45d38a11,5.99,,Bringg,1000,FALSE,TRUE,1,,christmas-window-exceptions-2022
96880602-611a-4dfb-9743-7bbb8a3ef1e2,6d3dc4e9-1a11-4e29-a918-3ccc4f8e5af1,4,15:00:00,0,12:00:00,0,18:00:00,3,05:00:00,3,21:00:00,25729cbe-719c-4314-ab07-0fbc45d38a11,5.99,,Bringg,1000,FALSE,TRUE,1,,christmas-window-exceptions-2022
311326dc-7b76-4e03-ab98-7f6b65610e65,556535a1-e79e-4057-962a-bfb40e6b726c,4,15:00:00,0,12:00:00,0,18:00:00,3,05:00:00,3,21:00:00,25729cbe-719c-4314-ab07-0fbc45d38a11,5.99,,Bringg,1000,FALSE,TRUE,1,,christmas-window-exceptions-2022
4182c9aa-9fda-400a-b2dd-0b15f281ac40,8697f4cc-e888-4f28-89b3-087d6cbcda5f,4,15:00:00,0,12:00:00,1,18:00:00,3,05:00:00,3,21:00:00,25729cbe-719c-4314-ab07-0fbc45d38a11,5.99,,Bringg,1000,FALSE,TRUE,1,,christmas-window-exceptions-2022
3a21dc61-a139-457e-9244-03ce7d140daa,7ba06165-7dcd-4abf-a85d-54ed293ff34f,5,15:00:00,1,12:00:00,1,18:00:00,4,05:00:00,4,21:00:00,25729cbe-719c-4314-ab07-0fbc45d38a11,5.99,,Bringg,1000,FALSE,TRUE,1,,christmas-window-exceptions-2022
1fbcc72b-bfbe-4e7c-ab62-4889b08e278c,ebb20ef1-40b4-4f3a-b384-819bd5b5980d,5,15:00:00,1,12:00:00,1,18:00:00,4,05:00:00,4,21:00:00,25729cbe-719c-4314-ab07-0fbc45d38a11,5.99,,Bringg,1000,FALSE,TRUE,1,,christmas-window-exceptions-2022
1c067b68-e1e2-43a9-91f6-c244a9761653,b7f9cea9-5dba-4d3e-ab2f-14072106155e,5,15:00:00,1,12:00:00,1,18:00:00,4,05:00:00,4,21:00:00,25729cbe-719c-4314-ab07-0fbc45d38a11,5.99,,Bringg,1000,FALSE,TRUE,1,,christmas-window-exceptions-2022
685ec0af-29a5-4d53-91ad-075ffa6ee800,1f1112d1-15ab-4c07-a11f-503645e8ccf7,5,15:00:00,1,12:00:00,2,21:00:00,4,05:00:00,4,21:00:00,25729cbe-719c-4314-ab07-0fbc45d38a11,5.99,,Bringg,1000,FALSE,TRUE,1,,christmas-window-exceptions-2022
4fcbf5b5-ec23-454e-a1b7-e09b900456da,f7496d9e-2681-4f43-a830-a3246e667352,1,13:00:00,2,15:00:00,2,21:00:00,5,05:00:00,5,21:00:00,25729cbe-719c-4314-ab07-0fbc45d38a11,5.99,,Bringg,1000,FALSE,TRUE,1,,christmas-window-exceptions-2022
436bd2b2-1a96-49e7-b82d-4f566274f718,513206b8-4b80-422a-8509-7809e539cdeb,1,13:00:00,2,15:00:00,2,21:00:00,5,05:00:00,5,21:00:00,25729cbe-719c-4314-ab07-0fbc45d38a11,5.99,,Bringg,1000,FALSE,TRUE,1,,christmas-window-exceptions-2022
2fd44dfc-7c12-4592-bf83-2fca9ff52577,37fd4319-9f53-48d2-b310-631aa57e1d5e,1,13:00:00,2,15:00:00,2,21:00:00,5,05:00:00,5,21:00:00,25729cbe-719c-4314-ab07-0fbc45d38a11,5.99,,Bringg,1000,FALSE,TRUE,1,,christmas-window-exceptions-2022
ed57c136-09af-4f1c-bda9-a9caca0ab112,8ff09422-4188-463a-802c-0f7afdff707e,4,15:00:00,6,12:00:00,0,18:00:00,2,05:00:00,2,21:00:00,c059b389-ff65-4283-8edb-06ffc96193af,5.99,,Bringg,1000,FALSE,TRUE,1,,christmas-window-exceptions-2022
7608f204-3d6a-414d-bd76-bfc809275d08,33c2c2f5-fc85-4f8f-86b0-a6eabf8519ad,4,14:00:00,6,11:00:00,6,17:00:00,2,05:00:00,2,20:00:00,c059b389-ff65-4283-8edb-06ffc96193af,5.99,,Bringg,1000,FALSE,TRUE,1,,christmas-window-exceptions-2022
2c1a9f41-0b75-473d-835f-e47166b080d4,ed333e3c-d145-4c40-959e-32bf2bd9dac1,4,14:00:00,6,11:00:00,6,17:00:00,2,05:00:00,2,20:00:00,c059b389-ff65-4283-8edb-06ffc96193af,5.99,,Bringg,1000,FALSE,TRUE,1,,christmas-window-exceptions-2022
072fac95-9d2f-4250-a35c-00c54321b671,d54a502a-639f-4d0c-8c9c-a0520537f596,4,14:00:00,6,11:00:00,6,17:00:00,2,05:00:00,2,20:00:00,c059b389-ff65-4283-8edb-06ffc96193af,5.99,,Bringg,1000,FALSE,TRUE,1,,christmas-window-exceptions-2022
77f3ef4d-c850-4349-ae68-7fee327f01b0,09beb073-e11e-49a0-9e8d-0b640317dad5,4,15:00:00,6,12:00:00,6,18:00:00,2,05:00:00,2,21:00:00,c059b389-ff65-4283-8edb-06ffc96193af,5.99,,Bringg,1000,FALSE,TRUE,1,,christmas-window-exceptions-2022
c299f309-bde6-4fdc-a9ff-d9e9c195865e,5115c018-4299-4fa3-9f65-f75e34e2db55,4,15:00:00,6,12:00:00,6,18:00:00,2,05:00:00,2,21:00:00,c059b389-ff65-4283-8edb-06ffc96193af,5.99,,Bringg,1000,FALSE,TRUE,1,,christmas-window-exceptions-2022
e9bfc443-52ac-4e9b-830d-483a753922a4,1b572488-cdca-4732-ac30-2f54c49a042c,4,15:00:00,6,12:00:00,6,18:00:00,2,05:00:00,2,21:00:00,c059b389-ff65-4283-8edb-06ffc96193af,5.99,,Bringg,1000,FALSE,TRUE,1,,christmas-window-exceptions-2022
8f79e8fd-5312-4b76-a64f-ab7b2dcaef7c,2a53a587-da2c-45fe-8a1c-099db6441313,4,15:00:00,6,12:00:00,6,18:00:00,2,05:00:00,2,21:00:00,c059b389-ff65-4283-8edb-06ffc96193af,5.99,,Bringg,1000,FALSE,TRUE,1,,christmas-window-exceptions-2022
9cb31241-e87c-43f6-a0f5-2107131761fe,64eecab1-de5c-4cb7-8e5a-a83efc194b8a,4,14:00:00,0,11:00:00,0,17:00:00,3,05:00:00,3,20:00:00,c059b389-ff65-4283-8edb-06ffc96193af,5.99,,Bringg,1000,FALSE,TRUE,1,,christmas-window-exceptions-2022
153750c5-e046-4373-ba9a-c39f5c5d3489,d3363dd4-375c-47fa-8403-0b3a52b6282d,4,14:00:00,0,11:00:00,0,17:00:00,3,05:00:00,3,20:00:00,c059b389-ff65-4283-8edb-06ffc96193af,5.99,,Bringg,1000,FALSE,TRUE,1,,christmas-window-exceptions-2022
78a2a782-69d1-4230-ac51-591286ce145d,8715c6de-c48b-4c1d-86f8-bc76c615ac00,4,14:00:00,0,11:00:00,0,17:00:00,3,05:00:00,3,20:00:00,c059b389-ff65-4283-8edb-06ffc96193af,5.99,,Bringg,1000,FALSE,TRUE,1,,christmas-window-exceptions-2022
754e914b-98c8-400f-993a-9c462534e858,8f790b0f-2bc4-44c0-981f-b8bd70a90c1a,4,15:00:00,0,12:00:00,0,18:00:00,3,05:00:00,3,21:00:00,c059b389-ff65-4283-8edb-06ffc96193af,5.99,,Bringg,1000,FALSE,TRUE,1,,christmas-window-exceptions-2022
d301df10-b9ee-4ef5-8775-aa7ab133f40b,88431f27-bb91-4188-b82e-f2a8fe224502,4,15:00:00,0,12:00:00,0,18:00:00,3,05:00:00,3,21:00:00,c059b389-ff65-4283-8edb-06ffc96193af,5.99,,Bringg,1000,FALSE,TRUE,1,,christmas-window-exceptions-2022
d70772b6-374d-4d55-870a-88e065f83521,b367bf19-8f8a-4700-b0d6-dee55be0d386,4,15:00:00,0,12:00:00,0,18:00:00,3,05:00:00,3,21:00:00,c059b389-ff65-4283-8edb-06ffc96193af,5.99,,Bringg,1000,FALSE,TRUE,1,,christmas-window-exceptions-2022
79ed7474-322a-44bb-bbec-e115bea31a71,80b6b56c-2097-4a4e-a66e-8b5160bb48a0,4,15:00:00,0,12:00:00,0,18:00:00,3,05:00:00,3,21:00:00,c059b389-ff65-4283-8edb-06ffc96193af,5.99,,Bringg,1000,FALSE,TRUE,1,,christmas-window-exceptions-2022
4c1e38ec-163a-4418-9042-ab3f63e3d68d,1175aef7-e7cd-4899-8a60-56f18c72b08a,5,14:00:00,1,11:00:00,1,17:00:00,4,05:00:00,4,20:00:00,c059b389-ff65-4283-8edb-06ffc96193af,5.99,,Bringg,1000,FALSE,TRUE,1,,christmas-window-exceptions-2022
d55c8be5-cea1-45e0-b5ed-e39a1684f002,01f65d48-1c84-4f13-a6c2-e63d8661e68d,5,14:00:00,1,11:00:00,1,17:00:00,4,05:00:00,4,20:00:00,c059b389-ff65-4283-8edb-06ffc96193af,5.99,,Bringg,1000,FALSE,TRUE,1,,christmas-window-exceptions-2022
7953309a-1713-4690-9a8d-eab7048f5f4a,e192972b-91bd-4e1e-9e6e-8a2763d1f349,5,14:00:00,1,11:00:00,1,17:00:00,4,05:00:00,4,20:00:00,c059b389-ff65-4283-8edb-06ffc96193af,5.99,,Bringg,1000,FALSE,TRUE,1,,christmas-window-exceptions-2022
e7df2aeb-15f1-4c6f-acdb-72969ecff67f,3096692c-6773-46f1-a8e6-95530e2712b1,5,15:00:00,1,12:00:00,1,18:00:00,4,05:00:00,4,21:00:00,c059b389-ff65-4283-8edb-06ffc96193af,5.99,,Bringg,1000,FALSE,TRUE,1,,christmas-window-exceptions-2022
7b0c5994-228b-4755-990d-b756fd43efab,8e9384e0-6134-4f48-a5b2-0b5c946c0dbe,5,15:00:00,1,12:00:00,1,18:00:00,4,05:00:00,4,21:00:00,c059b389-ff65-4283-8edb-06ffc96193af,5.99,,Bringg,1000,FALSE,TRUE,1,,christmas-window-exceptions-2022
113d1dac-be9e-46f0-8847-c73b24865bac,a7bfed0c-0701-4b9f-b025-fc3f0a9674fe,5,15:00:00,1,12:00:00,1,18:00:00,4,05:00:00,4,21:00:00,c059b389-ff65-4283-8edb-06ffc96193af,5.99,,Bringg,1000,FALSE,TRUE,1,,christmas-window-exceptions-2022
787eedea-5b5b-4bac-9482-e7f96bac90d2,4f334ffb-16b4-43e4-8aa9-2c1cf70c06e9,5,15:00:00,1,12:00:00,1,18:00:00,4,05:00:00,4,21:00:00,c059b389-ff65-4283-8edb-06ffc96193af,5.99,,Bringg,1000,FALSE,TRUE,1,,christmas-window-exceptions-2022
f56032dd-8b90-4ac6-8d95-37d16937dd3e,8dc398a2-531e-485f-ad23-4f94224d73a1,1,13:00:00,2,15:00:00,2,21:00:00,5,05:00:00,5,21:00:00,c059b389-ff65-4283-8edb-06ffc96193af,5.99,,Bringg,1000,FALSE,TRUE,1,,christmas-window-exceptions-2022
358a702b-d1d3-49fc-9ea9-55b4876b51ed,ad503420-eeaa-4ff6-a8c1-42ecf9705e80,1,13:00:00,2,15:00:00,2,21:00:00,5,05:00:00,5,21:00:00,c059b389-ff65-4283-8edb-06ffc96193af,5.99,,Bringg,1000,FALSE,TRUE,1,,christmas-window-exceptions-2022
05f830fe-7721-4123-94a1-bed8a9b93032,61927e3c-7a56-4149-bb58-4d85c9c5b6b1,1,13:00:00,2,15:00:00,2,21:00:00,5,05:00:00,5,21:00:00,c059b389-ff65-4283-8edb-06ffc96193af,5.99,,Bringg,1000,FALSE,TRUE,1,,christmas-window-exceptions-2022
d78e39bc-8044-446c-94ac-b92c493dd5d8,a47d4bde-606f-4303-bd44-acab2b1e2a04,1,13:00:00,2,15:00:00,2,21:00:00,5,05:00:00,5,21:00:00,c059b389-ff65-4283-8edb-06ffc96193af,5.99,,Bringg,1000,FALSE,TRUE,1,,christmas-window-exceptions-2022
17ce0134-d77d-41c7-9772-d437689e7ba8,fdc49817-1d9f-42eb-bb03-a81f80a5b9e1,1,12:00:00,2,14:00:00,2,20:00:00,5,05:00:00,5,20:00:00,c059b389-ff65-4283-8edb-06ffc96193af,5.99,,Bringg,1000,FALSE,TRUE,1,,christmas-window-exceptions-2022
44271826-b29f-42f8-83f0-855d48e9d809,7fd2d5a7-7882-489f-a153-0c2f57e8fcfd,1,12:00:00,2,14:00:00,2,20:00:00,5,05:00:00,5,20:00:00,c059b389-ff65-4283-8edb-06ffc96193af,5.99,,Bringg,1000,FALSE,TRUE,1,,christmas-window-exceptions-2022
b0568ef3-c0e0-4fb9-bf55-f8c9acab10e1,c099ac81-c1ec-4260-bc15-b4f2a1776507,1,12:00:00,2,14:00:00,2,20:00:00,5,05:00:00,5,20:00:00,c059b389-ff65-4283-8edb-06ffc96193af,5.99,,Bringg,1000,FALSE,TRUE,1,,christmas-window-exceptions-2022
b01762a5-0c2e-49b5-bd3b-35ffc3a7b23c,887cdd63-24f4-4d6a-8860-e246f958cefc,4,15:00:00,6,12:00:00,6,15:00:00,2,05:00:00,2,21:00:00,9da947fe-5a46-424f-b328-e9414c197a32,5.99,,Bringg,1000,FALSE,TRUE,1,,christmas-window-exceptions-2022
56297eaa-5194-465e-9639-65de9a847645,ac30b44a-acf9-4f6f-934f-9700a6d12a77,4,14:00:00,6,11:00:00,6,14:00:00,2,05:00:00,2,20:00:00,9da947fe-5a46-424f-b328-e9414c197a32,5.99,,Bringg,1000,FALSE,TRUE,1,,christmas-window-exceptions-2022
f41e538f-9a44-4b71-842e-140bf8058761,b06d9f71-c062-4c54-a5ef-6773ea946dea,4,14:00:00,6,11:00:00,6,15:00:00,2,05:00:00,2,21:00:00,9da947fe-5a46-424f-b328-e9414c197a32,5.99,,Bringg,1000,FALSE,TRUE,1,,christmas-window-exceptions-2022
afffb086-2edc-487f-a5dc-72e24a5421dd,d152b910-575a-49f9-b42e-09dbdd47e46c,4,14:00:00,6,11:00:00,6,15:00:00,2,05:00:00,2,21:00:00,9da947fe-5a46-424f-b328-e9414c197a32,5.99,,Bringg,1000,FALSE,TRUE,1,,christmas-window-exceptions-2022
abcd3512-2343-40c5-a9e1-bc99b9248d37,34e11f8d-ae17-4458-b519-bdbcbbb08ff5,4,15:00:00,6,12:00:00,6,15:00:00,2,05:00:00,2,21:00:00,9da947fe-5a46-424f-b328-e9414c197a32,5.99,,Bringg,1000,FALSE,TRUE,1,,christmas-window-exceptions-2022
99a509f0-f9c3-4ded-a0be-5ca10156a4a8,c0e3d0ef-fedb-4cec-81cb-54d44f1f25c5,4,15:00:00,6,12:00:00,6,15:00:00,2,05:00:00,2,21:00:00,9da947fe-5a46-424f-b328-e9414c197a32,5.99,,Bringg,1000,FALSE,TRUE,1,,christmas-window-exceptions-2022
f3cbd292-3050-43a4-be31-7ee06824f664,44d302e2-deb0-4fe1-a801-3c6d5fa94729,4,15:00:00,6,12:00:00,0,15:00:00,2,05:00:00,2,21:00:00,9da947fe-5a46-424f-b328-e9414c197a32,5.99,,Bringg,1000,FALSE,TRUE,1,,christmas-window-exceptions-2022
b8bd91fc-ae6c-4a0a-acdd-5d85d7e41dc1,e4c59fd0-f64c-42cb-8dfb-bed937651a25,4,15:00:00,6,12:00:00,0,15:00:00,2,05:00:00,2,21:00:00,9da947fe-5a46-424f-b328-e9414c197a32,5.99,,Bringg,1000,FALSE,TRUE,1,,christmas-window-exceptions-2022
cfc152dc-2726-4ce3-b17e-46c33a739d20,f7cb92de-d15b-46be-a5ca-6bfa9b8316e1,4,15:00:00,6,12:00:00,0,15:00:00,2,05:00:00,2,21:00:00,9da947fe-5a46-424f-b328-e9414c197a32,5.99,,Bringg,1000,FALSE,TRUE,1,,christmas-window-exceptions-2022
92dd3d8c-518e-4951-88e8-2e4cca36f2f0,e7439bbf-ff7b-4982-b43a-373d5e025877,4,15:00:00,6,12:00:00,6,15:00:00,2,05:00:00,2,21:00:00,9da947fe-5a46-424f-b328-e9414c197a32,5.99,,Bringg,1000,FALSE,TRUE,1,,christmas-window-exceptions-2022
59339e34-6abf-4741-9ec2-fcc9f9b3b09f,e67c1cef-fa90-4733-94eb-270b3b8b003f,4,15:00:00,6,12:00:00,0,15:00:00,2,05:00:00,2,21:00:00,9da947fe-5a46-424f-b328-e9414c197a32,5.99,,Bringg,1000,FALSE,TRUE,1,,christmas-window-exceptions-2022
895a9496-63a9-4ac3-b215-8dd53501c0cb,c68ca8e0-3192-4f53-bfc9-cf45b01e7aaa,4,15:00:00,6,12:00:00,6,15:00:00,2,05:00:00,2,21:00:00,9da947fe-5a46-424f-b328-e9414c197a32,5.99,,Bringg,1000,FALSE,TRUE,1,,christmas-window-exceptions-2022
88485589-0ee3-4aef-8331-a40a6cfa024a,f5bec5e3-007e-49c1-b344-6a882c562635,4,15:00:00,6,12:00:00,0,15:00:00,2,05:00:00,2,21:00:00,9da947fe-5a46-424f-b328-e9414c197a32,5.99,,Bringg,1000,FALSE,TRUE,1,,christmas-window-exceptions-2022
7edde621-ad5d-401e-9b12-5f81f1daa162,a3374a93-76af-4090-bef3-e2913ce881ff,4,15:00:00,6,12:00:00,0,15:00:00,2,05:00:00,2,21:00:00,9da947fe-5a46-424f-b328-e9414c197a32,5.99,,Bringg,1000,FALSE,TRUE,1,,christmas-window-exceptions-2022
a6fbefbb-bd13-471e-a774-864358a85809,4f7320ee-3263-43b2-b653-cb7c42dcff90,4,14:00:00,6,11:00:00,6,14:00:00,3,05:00:00,3,20:00:00,9da947fe-5a46-424f-b328-e9414c197a32,5.99,,Bringg,1000,FALSE,TRUE,2,,christmas-window-exceptions-2022
0e7ab129-6414-467c-b1f5-0e714b636f08,2c9fdf4b-b11f-46aa-8881-15894b71f1fb,4,15:00:00,0,12:00:00,0,15:00:00,3,05:00:00,3,21:00:00,9da947fe-5a46-424f-b328-e9414c197a32,5.99,,Bringg,1000,FALSE,TRUE,1,,christmas-window-exceptions-2022
f7b12ec5-1f38-4111-89a7-c4daa85b2acd,fba43e76-0c24-4b21-b29a-69cd5b211127,4,14:00:00,0,11:00:00,0,14:00:00,3,05:00:00,3,20:00:00,9da947fe-5a46-424f-b328-e9414c197a32,5.99,,Bringg,1000,FALSE,TRUE,1,,christmas-window-exceptions-2022
b9ff51d2-686e-455d-a13b-d6aaa741a49e,53c25d18-d6cb-4cbe-876e-a7a6977dbb79,4,14:00:00,0,11:00:00,0,15:00:00,3,05:00:00,3,21:00:00,9da947fe-5a46-424f-b328-e9414c197a32,5.99,,Bringg,1000,FALSE,TRUE,1,,christmas-window-exceptions-2022
80530fa0-ba4c-4a87-b80d-7ffd3f0536b2,9696167d-2294-45f5-8780-1a510a4c9271,4,14:00:00,0,11:00:00,0,15:00:00,3,05:00:00,3,21:00:00,9da947fe-5a46-424f-b328-e9414c197a32,5.99,,Bringg,1000,FALSE,TRUE,1,,christmas-window-exceptions-2022
821e35dd-9fde-4649-88f0-050d5cd912cd,427038ad-54ab-4128-9bba-79daf0b31aa1,4,15:00:00,0,12:00:00,0,15:00:00,3,05:00:00,3,21:00:00,9da947fe-5a46-424f-b328-e9414c197a32,5.99,,Bringg,1000,FALSE,TRUE,1,,christmas-window-exceptions-2022
21732c7b-546c-4f88-8391-92ec88d1580b,9268a6e2-5096-488f-bf0f-743ec70e93ec,4,15:00:00,0,12:00:00,0,15:00:00,3,05:00:00,3,21:00:00,9da947fe-5a46-424f-b328-e9414c197a32,5.99,,Bringg,1000,FALSE,TRUE,1,,christmas-window-exceptions-2022
eb87c789-32a1-4fba-8be8-300cf8c4fbf3,040a0686-bad2-4827-82e1-ab76e3d244cb,4,15:00:00,0,12:00:00,0,15:00:00,3,05:00:00,3,21:00:00,9da947fe-5a46-424f-b328-e9414c197a32,5.99,,Bringg,1000,FALSE,TRUE,1,,christmas-window-exceptions-2022
346478e5-e667-4428-8907-ca73071d1eef,33687397-e353-4ca2-9386-f7d04f223ffc,4,15:00:00,0,12:00:00,1,15:00:00,3,05:00:00,3,21:00:00,9da947fe-5a46-424f-b328-e9414c197a32,5.99,,Bringg,1000,FALSE,TRUE,1,,christmas-window-exceptions-2022
524dd0c2-5580-47c3-9fa8-0b201ccffa1d,4d12a24b-569c-41a4-9447-80fd7156f7fe,4,14:00:00,6,11:00:00,6,14:00:00,4,05:00:00,4,20:00:00,9da947fe-5a46-424f-b328-e9414c197a32,5.99,,Bringg,1000,FALSE,TRUE,2,,christmas-window-exceptions-2022
7749bca9-34b6-4227-b507-396fc4b65684,91a31ca6-a994-46bc-97f6-7c2c51fc292e,5,15:00:00,1,12:00:00,1,15:00:00,4,05:00:00,4,21:00:00,9da947fe-5a46-424f-b328-e9414c197a32,5.99,,Bringg,1000,FALSE,TRUE,1,,christmas-window-exceptions-2022
aba067c9-daab-4abc-9ac2-81e5b90f3485,30a2d623-b434-4ba5-a7b1-38d7ecd61c6d,5,14:00:00,1,11:00:00,1,14:00:00,4,05:00:00,4,20:00:00,9da947fe-5a46-424f-b328-e9414c197a32,5.99,,Bringg,1000,FALSE,TRUE,1,,christmas-window-exceptions-2022
1a697f17-ea60-4667-b6e3-40ca990ce9b6,51659bfb-a6c1-43c4-a30f-533899fcbc29,5,14:00:00,1,11:00:00,1,15:00:00,4,05:00:00,4,21:00:00,9da947fe-5a46-424f-b328-e9414c197a32,5.99,,Bringg,1000,FALSE,TRUE,1,,christmas-window-exceptions-2022
f9384a4d-8cd2-4c86-bda5-773712822f3c,8e3bce01-13ca-40ff-8037-191c0a9287b6,5,14:00:00,1,11:00:00,1,15:00:00,4,05:00:00,4,21:00:00,9da947fe-5a46-424f-b328-e9414c197a32,5.99,,Bringg,1000,FALSE,TRUE,1,,christmas-window-exceptions-2022
fd9a9ed5-f423-4622-870c-8af7e68bab4c,3ba657c7-7ca3-4902-8b21-d69f8dce8f80,5,15:00:00,1,12:00:00,1,15:00:00,4,05:00:00,4,21:00:00,9da947fe-5a46-424f-b328-e9414c197a32,5.99,,Bringg,1000,FALSE,TRUE,1,,christmas-window-exceptions-2022
e4ddb4a3-b495-4ce4-a95c-37907ec0be8a,b49381d8-e88d-420f-bfc7-ce679e9ea835,5,15:00:00,1,12:00:00,2,15:00:00,4,05:00:00,4,21:00:00,9da947fe-5a46-424f-b328-e9414c197a32,5.99,,Bringg,1000,FALSE,TRUE,1,,christmas-window-exceptions-2022
74c4069d-8cc9-45ab-8014-ca51766efa9f,68ddecb0-f0f5-49f4-99a6-8e1d0a3cf575,5,15:00:00,1,12:00:00,2,15:00:00,4,05:00:00,4,21:00:00,9da947fe-5a46-424f-b328-e9414c197a32,5.99,,Bringg,1000,FALSE,TRUE,1,,christmas-window-exceptions-2022
ae0aa641-46b0-4e8c-ab55-5eb2803d6765,59593f1b-aaf8-475c-b411-71405108dcd2,5,14:00:00,1,11:00:00,1,14:00:00,5,05:00:00,5,20:00:00,9da947fe-5a46-424f-b328-e9414c197a32,5.99,,Bringg,1000,FALSE,TRUE,2,,christmas-window-exceptions-2022
e1b1b9e5-f8e8-4958-83af-a11bf649d8dd,410589e8-a96c-4d3f-a549-2e636e716eea,5,15:00:00,2,12:00:00,2,15:00:00,5,05:00:00,5,21:00:00,9da947fe-5a46-424f-b328-e9414c197a32,5.99,,Bringg,1000,FALSE,TRUE,1,,christmas-window-exceptions-2022
f166307c-34ca-4340-86f3-375c24e02f61,9f0bd76d-cbc4-4a61-8421-e1709e94b3f1,5,14:00:00,2,11:00:00,2,14:00:00,5,05:00:00,5,20:00:00,9da947fe-5a46-424f-b328-e9414c197a32,5.99,,Bringg,1000,FALSE,TRUE,1,,christmas-window-exceptions-2022
519dcc87-5059-40f3-b320-5e2b36fe129f,f966f90d-6e95-449a-8894-f3e64e574197,5,14:00:00,2,11:00:00,2,15:00:00,5,05:00:00,5,21:00:00,9da947fe-5a46-424f-b328-e9414c197a32,5.99,,Bringg,1000,FALSE,TRUE,1,,christmas-window-exceptions-2022
dce7cb4b-1ae5-48e3-9858-d7b76698dac4,2f786aff-25c0-40d4-9fcb-8bfb1f06b018,5,14:00:00,2,11:00:00,2,15:00:00,5,05:00:00,5,21:00:00,9da947fe-5a46-424f-b328-e9414c197a32,5.99,,Bringg,1000,FALSE,TRUE,1,,christmas-window-exceptions-2022
1fd179b2-a9a3-4b93-a41e-d032db079aa0,01fd6dc3-a210-448c-8294-03f1d36cbab8,5,15:00:00,2,12:00:00,3,15:00:00,5,05:00:00,5,21:00:00,9da947fe-5a46-424f-b328-e9414c197a32,5.99,,Bringg,1000,FALSE,TRUE,1,,christmas-window-exceptions-2022
7bd36350-ee10-4fec-8266-5493f8d4fa56,cf94b1cd-3ddd-4fc6-afb5-12820d7ae44b,4,15:00:00,6,12:00:00,0,18:00:00,2,05:00:00,2,21:00:00,c2fcd071-f479-4f68-a54d-a382bd9fa552,5.99,,Bringg,1000,FALSE,TRUE,1,,christmas-window-exceptions-2022
e31e4ddf-3759-40bc-9fda-c24245e937b7,c20a3e51-4a21-481a-9dc9-ef9336adfd8a,4,15:00:00,0,12:00:00,0,18:00:00,2,05:00:00,2,21:00:00,25729cbe-719c-4314-ab07-0fbc45d38a11,5.99,,Bringg,1000,FALSE,TRUE,1,,christmas-window-exceptions-2022
21c50fd7-6430-4c13-ba2c-85c4b5cd867b,8697f4cc-e888-4f28-89b3-087d6cbcda5f,5,15:00:00,1,12:00:00,1,18:00:00,3,05:00:00,3,21:00:00,25729cbe-719c-4314-ab07-0fbc45d38a11,5.99,,Bringg,1000,FALSE,TRUE,1,,christmas-window-exceptions-2022
e80f396d-8c11-476c-b6b8-69313cfc4370,1f1112d1-15ab-4c07-a11f-503645e8ccf7,1,13:00:00,2,15:00:00,2,21:00:00,4,05:00:00,4,21:00:00,25729cbe-719c-4314-ab07-0fbc45d38a11,5.99,,Bringg,1000,FALSE,TRUE,1,,christmas-window-exceptions-2022
adc5736d-5544-493d-a90c-da8e11845a26,8ff09422-4188-463a-802c-0f7afdff707e,4,15:00:00,0,12:00:00,0,18:00:00,2,05:00:00,2,21:00:00,c059b389-ff65-4283-8edb-06ffc96193af,5.99,,Bringg,1000,FALSE,TRUE,1,,christmas-window-exceptions-2022
45c2334a-819a-438a-8f6a-813ff744d5f8,44d302e2-deb0-4fe1-a801-3c6d5fa94729,4,15:00:00,0,12:00:00,0,15:00:00,2,05:00:00,2,21:00:00,9da947fe-5a46-424f-b328-e9414c197a32,5.99,,Bringg,1000,FALSE,TRUE,1,,christmas-window-exceptions-2022
0f2525d0-c8ca-476a-96db-3dbab47e2d5d,f5bec5e3-007e-49c1-b344-6a882c562635,4,15:00:00,0,12:00:00,0,15:00:00,2,05:00:00,2,21:00:00,9da947fe-5a46-424f-b328-e9414c197a32,5.99,,Bringg,1000,FALSE,TRUE,1,,christmas-window-exceptions-2022
97f8310e-449d-40e8-9a69-47d6b41568c3,a3374a93-76af-4090-bef3-e2913ce881ff,4,15:00:00,0,12:00:00,0,15:00:00,2,05:00:00,2,21:00:00,9da947fe-5a46-424f-b328-e9414c197a32,5.99,,Bringg,1000,FALSE,TRUE,1,,christmas-window-exceptions-2022
39faef92-dfea-4050-886f-308a5525ab67,e4c59fd0-f64c-42cb-8dfb-bed937651a25,4,15:00:00,0,12:00:00,0,15:00:00,2,05:00:00,2,21:00:00,9da947fe-5a46-424f-b328-e9414c197a32,5.99,,Bringg,1000,FALSE,TRUE,1,,christmas-window-exceptions-2022
045f1c14-a969-4670-ba55-d74f0bfd7707,f7cb92de-d15b-46be-a5ca-6bfa9b8316e1,4,15:00:00,0,12:00:00,0,15:00:00,2,05:00:00,2,21:00:00,9da947fe-5a46-424f-b328-e9414c197a32,5.99,,Bringg,1000,FALSE,TRUE,1,,christmas-window-exceptions-2022
7a5378fd-9cfd-488d-95e6-4a4727ca74a6,e67c1cef-fa90-4733-94eb-270b3b8b003f,4,15:00:00,0,12:00:00,0,15:00:00,2,05:00:00,2,21:00:00,9da947fe-5a46-424f-b328-e9414c197a32,5.99,,Bringg,1000,FALSE,TRUE,1,,christmas-window-exceptions-2022
11750ece-3568-464e-8b7f-abcd1bd1e238,33687397-e353-4ca2-9386-f7d04f223ffc,5,15:00:00,1,12:00:00,1,15:00:00,3,05:00:00,3,21:00:00,9da947fe-5a46-424f-b328-e9414c197a32,5.99,,Bringg,1000,FALSE,TRUE,1,,christmas-window-exceptions-2022
2d44b537-67fc-4c38-a81d-2aa566e723f6,b49381d8-e88d-420f-bfc7-ce679e9ea835,5,15:00:00,2,12:00:00,2,15:00:00,4,05:00:00,4,21:00:00,9da947fe-5a46-424f-b328-e9414c197a32,5.99,,Bringg,1000,FALSE,TRUE,1,,christmas-window-exceptions-2022
07107351-36f0-472b-9d56-48639348b77d,68ddecb0-f0f5-49f4-99a6-8e1d0a3cf575,5,15:00:00,2,12:00:00,2,15:00:00,4,05:00:00,4,21:00:00,9da947fe-5a46-424f-b328-e9414c197a32,5.99,,Bringg,1000,FALSE,TRUE,1,,christmas-window-exceptions-2022
8888f7af-2824-4d3e-8aa1-ef121d5cad81,01fd6dc3-a210-448c-8294-03f1d36cbab8,6,15:00:00,3,12:00:00,3,15:00:00,5,05:00:00,5,21:00:00,9da947fe-5a46-424f-b328-e9414c197a32,5.99,,Bringg,1000,FALSE,TRUE,1,,christmas-window-exceptions-2022
9f244b9d-6641-4b4b-97e3-9e45b2708314,cf94b1cd-3ddd-4fc6-afb5-12820d7ae44b,4,15:00:00,0,12:00:00,0,18:00:00,2,05:00:00,2,21:00:00,c2fcd071-f479-4f68-a54d-a382bd9fa552,5.99,,Bringg,1000,FALSE,TRUE,1,,christmas-window-exceptions-2022
f48f39cb-fd41-4206-9621-8ccded9d3cd3,a1668dfb-c0a2-47de-ab17-2c4445a01934,4,15:00:00,6,12:00:00,6,18:00:00,2,05:00:00,2,21:00:00,62759d07-dda5-4e5e-a0b9-fce960493522,0,,PickUp,1000,FALSE,TRUE,1,,christmas-window-exceptions-2022
e4e106cf-33c8-4c56-aca2-f9d02cd7a757,5bde7ccc-173a-44a0-b290-88dbf142d077,4,15:00:00,6,12:00:00,6,18:00:00,2,05:00:00,2,21:00:00,62759d07-dda5-4e5e-a0b9-fce960493522,0,,PickUp,1000,FALSE,TRUE,1,,christmas-window-exceptions-2022
d8cb40e9-2f1c-4225-92ff-9a18a061e2da,354d7dca-bb36-4b64-bee6-e54163af72c5,4,15:00:00,6,12:00:00,6,18:00:00,2,05:00:00,2,21:00:00,62759d07-dda5-4e5e-a0b9-fce960493522,0,,PickUp,1000,FALSE,TRUE,1,,christmas-window-exceptions-2022
7dcf2ec6-4874-473f-aed3-048143280de8,9f7b249d-067e-4449-8603-d56ec71f687f,4,15:00:00,6,12:00:00,6,18:00:00,2,05:00:00,2,21:00:00,25729cbe-719c-4314-ab07-0fbc45d38a11,0,,PickUp,1000,FALSE,TRUE,1,,christmas-window-exceptions-2022
b77a941c-09a4-4d68-a690-a5cc02400460,ebf2b9af-6d56-4989-8ff7-cb03ef0a90d9,4,15:00:00,0,12:00:00,0,18:00:00,3,05:00:00,3,21:00:00,62759d07-dda5-4e5e-a0b9-fce960493522,0,,PickUp,1000,FALSE,TRUE,1,,christmas-window-exceptions-2022
bea253ed-87dc-4da4-bd0f-477fb2a4b9c0,70ae14e8-292a-4bc2-a1d8-37f5ddf04d72,4,14:00:00,6,11:00:00,6,17:00:00,3,05:00:00,3,20:00:00,9da947fe-5a46-424f-b328-e9414c197a32,0,,PickUp,1000,FALSE,TRUE,1,1,christmas-window-exceptions-2022
7f6c0103-5569-4881-a0c9-efee7a60ed77,0e3eeed0-ad8d-49eb-ac2b-c9ad2fae76bf,5,14:00:00,1,11:00:00,1,17:00:00,5,05:00:00,5,20:00:00,62759d07-dda5-4e5e-a0b9-fce960493522,0,,PickUp,1000,FALSE,TRUE,2,,christmas-window-exceptions-2022
b9b03634-a37d-40ae-ae03-99de97344737,1dc0d882-364b-4d3d-bd94-919398aba246,1,13:00:00,2,15:00:00,2,21:00:00,5,05:00:00,5,21:00:00,62759d07-dda5-4e5e-a0b9-fce960493522,0,,PickUp,1000,FALSE,TRUE,1,,christmas-window-exceptions-2022
4c242ce4-041b-40b0-9536-1d05d07b9810,44e6b6be-b3fe-4872-a09a-5ff90ec69cf0,5,15:00:00,2,12:00:00,2,15:00:00,5,05:00:00,5,21:00:00,9da947fe-5a46-424f-b328-e9414c197a32,0,,PickUp,1000,FALSE,TRUE,1,,christmas-window-exceptions-2022
e0658909-c6e0-49e2-a612-a799686617d2,7455aca5-1825-424f-aa3c-bb2d4ade3971,5,14:00:00,2,11:00:00,2,14:00:00,5,05:00:00,5,20:00:00,9da947fe-5a46-424f-b328-e9414c197a32,0,,PickUp,1000,FALSE,TRUE,1,,christmas-window-exceptions-2022
7515a9be-360d-4a62-9444-02435ed32c37,f79383bd-f80a-4322-8214-2a1c76284d0e,5,14:00:00,2,11:00:00,2,15:00:00,5,05:00:00,5,21:00:00,9da947fe-5a46-424f-b328-e9414c197a32,0,,PickUp,1000,FALSE,TRUE,1,,christmas-window-exceptions-2022
2b8799e5-cd89-48b5-bcf8-dd6ce506c48b,7ba43a1c-8d68-4b2f-8791-f5778e6ace73,4,15:00:00,0,12:00:00,0,18:00:00,3,05:00:00,3,21:00:00,25729cbe-719c-4314-ab07-0fbc45d38a11,0,,PickUp,1000,FALSE,TRUE,1,,christmas-window-exceptions-2022
978bfb4e-1637-49a9-abca-2ffc7950b5d7,703332e4-b39c-424f-9680-b925514a0438,4,15:00:00,0,12:00:00,0,18:00:00,3,05:00:00,3,21:00:00,25729cbe-719c-4314-ab07-0fbc45d38a11,0,,PickUp,1000,FALSE,TRUE,1,,christmas-window-exceptions-2022
93cffac8-fc6c-4cc1-867b-66afe92214ff,15522e8f-d228-4d80-aa04-99b844748db0,4,15:00:00,6,12:00:00,6,18:00:00,3,05:00:00,3,21:00:00,25729cbe-719c-4314-ab07-0fbc45d38a11,0,,PickUp,1000,FALSE,TRUE,1,,christmas-window-exceptions-2022
e9683d0d-9881-4a57-a94c-362db6633f3a,56c677e8-d742-4e11-9319-2217422467c2,1,13:00:00,3,12:00:00,3,18:00:00,3,05:00:00,3,21:00:00,25729cbe-719c-4314-ab07-0fbc45d38a11,0,,PickUp,1000,FALSE,TRUE,1,,christmas-window-exceptions-2022
2c5f0456-760f-4b09-b82d-16ba00b420be,350f1bed-0e33-46ee-a9d6-589708ed957d,4,15:00:00,0,12:00:00,0,18:00:00,3,05:00:00,3,21:00:00,25729cbe-719c-4314-ab07-0fbc45d38a11,0,,PickUp,1000,FALSE,TRUE,1,,christmas-window-exceptions-2022
